time slot,edge_cpu,iot_cpu
1,0.27,0.17
2,0.24,0.17
3,0.3,0.16
4,0.26,0.16
5,0.32,0.17
6,0.25,0.17
7,0.27,0.17
8,0.28,0.18
9,0.28,0.16
10,0.26,0.17
11,0.26,0.17
12,0.25,0.18
13,0.27,0.15
14,0.28,0.14
15,0.3,0.18
16,0.28,0.16
17,0.26,0.16
18,0.28,0.17
19,0.27,0.17
20,0.27,0.17
21,0.28,0.16
22,0.26,0.17
23,0.26,0.16
24,0.26,0.15
25,0.34,0.18
26,0.25,0.17
27,0.26,0.17
28,0.26,0.18
29,0.3,0.19
30,0.25,0.2
31,0.29,0.19
32,0.26,0.15
33,0.3,0.17
34,0.27,0.18
35,0.31,0.15
36,0.26,0.19
37,0.28,0.16
38,0.25,0.19
39,0.29,0.17
40,0.29,0.16
41,0.27,0.18
42,0.26,0.16
43,0.27,0.17
44,0.26,0.16
45,0.28,0.16
46,0.28,0.16
47,0.25,0.16
48,0.27,0.15
49,0.29,0.16
50,0.26,0.17
51,0.27,0.18
52,0.25,0.17
53,0.26,0.17
54,0.26,0.16
55,0.29,0.16
56,0.25,0.16
57,0.3,0.16
58,0.26,0.16
59,0.27,0.16
60,0.28,0.15
61,0.3,0.15
62,0.27,0.17
63,0.31,0.18
64,0.29,0.16
65,0.32,0.17
66,0.25,0.16
67,0.29,0.17
68,0.25,0.16
69,0.26,0.17
70,0.25,0.16
71,0.27,0.17
72,0.28,0.16
73,0.29,0.16
74,0.3,0.18
75,0.29,0.16
76,0.29,0.19
77,0.3,0.16
78,0.31,0.17
79,0.28,0.16
80,0.28,0.18
81,0.27,0.15
82,0.26,0.17
83,0.28,0.2
84,0.26,0.19
85,0.31,0.3
86,0.28,0.16
87,0.29,0.16
88,0.28,0.19
89,0.27,0.15
90,0.25,0.15
91,0.28,0.16
92,0.26,0.16
93,0.3,0.16
94,0.26,0.18
95,0.31,0.16
96,0.28,0.17
97,0.27,0.16
98,0.28,0.18
99,0.29,0.17
100,0.27,0.15
101,0.26,0.17
102,0.26,0.17
103,0.28,0.18
104,0.26,0.18
105,0.28,0.19
106,0.27,0.15
107,0.27,0.16
108,0.28,0.15
109,0.3,0.19
110,0.26,0.18
111,0.3,0.18
112,0.3,0.16
113,0.28,0.16
114,0.28,0.18
115,0.3,0.16
116,0.27,0.17
117,0.27,0.19
118,0.26,0.17
119,0.27,0.17
120,0.29,0.16
121,0.34,0.17
122,0.3,0.16
123,0.34,0.18
124,0.26,0.16
125,0.3,0.18
126,0.28,0.15
127,0.32,0.17
128,0.28,0.18
129,0.31,0.18
130,0.28,0.19
131,0.28,0.19
132,0.3,0.15
133,0.29,0.18
134,0.27,0.18
135,0.28,0.18
136,0.29,0.17
137,0.28,0.16
138,0.29,0.15
139,0.29,0.17
140,0.29,0.16
141,0.29,0.16
142,0.26,0.15
143,0.28,0.17
144,0.26,0.15
145,0.29,0.17
146,0.25,0.18
147,0.27,0.16
148,0.29,0.18
149,0.29,0.17
150,0.25,0.17
151,0.29,0.15
152,0.26,0.18
153,0.29,0.14
154,0.27,0.17
155,0.29,0.17
156,0.26,0.18
157,0.27,0.18
158,0.27,0.16
159,0.28,0.17
160,0.26,0.18
161,0.27,0.16
162,0.25,0.17
163,0.26,0.17
164,0.27,0.16
165,0.3,0.16
166,0.29,0.18
167,0.3,0.16
168,0.27,0.17
169,0.31,0.17
170,0.3,0.18
171,0.26,0.17
172,0.28,0.17
173,0.28,0.18
174,0.28,0.17
175,0.29,0.17
176,0.3,0.17
177,0.27,0.17
178,0.25,0.16
179,0.29,0.18
180,0.26,0.2
181,0.28,0.17
182,0.26,0.16
183,0.31,0.17
184,0.29,0.19
185,0.28,0.16
186,0.29,0.18
187,0.28,0.18
188,0.26,0.17
189,0.26,0.19
190,0.25,0.16
191,0.29,0.18
192,0.27,0.17
193,0.27,0.17
194,0.3,0.19
195,0.31,0.18
196,0.29,0.17
197,0.27,0.16
198,0.27,0.17
199,0.28,0.17
200,0.26,0.17
201,0.27,0.16
202,0.26,0.16
203,0.27,0.16
204,0.26,0.18
205,0.29,0.17
206,0.26,0.16
207,0.28,0.19
208,0.26,0.18
209,0.28,0.18
210,0.26,0.19
211,0.3,0.18
212,0.28,0.16
213,0.29,0.17
214,0.29,0.17
215,0.33,0.18
216,0.27,0.18
217,0.26,0.16
218,0.25,0.16
219,0.26,0.18
220,0.25,0.18
221,0.3,0.17
222,0.25,0.16
223,0.27,0.17
224,0.29,0.18
225,0.31,0.16
226,0.29,0.16
227,0.27,0.16
228,0.26,0.17
229,0.27,0.16
230,0.25,0.16
231,0.26,0.15
232,0.26,0.16
233,0.27,0.16
234,0.25,0.17
235,0.3,0.16
236,0.25,0.16
237,0.27,0.18
238,0.27,0.15
239,0.27,0.17
240,0.25,0.23
241,0.29,0.15
242,0.26,0.21
243,0.28,0.17
244,0.26,0.19
245,0.28,0.21
246,0.27,0.16
247,0.27,0.15
248,0.25,0.19
249,0.26,0.18
250,0.26,0.17
251,0.26,0.16
252,0.26,0.19
253,0.27,0.17
254,0.3,0.15
255,0.28,0.18
256,0.26,0.18
257,0.27,0.18
258,0.27,0.15
259,0.27,0.19
260,0.26,0.16
261,0.26,0.15
262,0.27,0.17
263,0.28,0.16
264,0.25,0.18
265,0.3,0.15
266,0.26,0.17
267,0.28,0.16
268,0.27,0.16
269,0.29,0.18
270,0.3,0.17
271,0.27,0.19
272,0.28,0.15
273,0.27,0.18
274,0.29,0.19
275,0.29,0.18
276,0.25,0.16
277,0.29,0.17
278,0.26,0.17
279,0.28,0.17
280,0.3,0.17
281,0.25,0.15
282,0.26,0.17
283,0.27,0.15
284,0.27,0.17
285,0.29,0.17
286,0.28,0.19
287,0.29,0.17
288,0.27,0.18
289,0.3,0.15
290,0.26,0.18
291,0.26,0.16
292,0.26,0.18
293,0.26,0.15
294,0.24,0.16
295,0.3,0.17
296,0.25,0.18
297,0.29,0.18
298,0.26,0.17
299,0.28,0.18
300,0.27,0.17
301,0.27,0.16
302,0.25,0.17
303,0.28,0.16
304,0.25,0.17
305,0.27,0.17
306,0.26,0.17
307,0.26,0.18
308,0.26,0.17
309,0.25,0.17
310,0.26,0.15
311,0.27,0.16
312,0.3,0.16
313,0.28,0.15
314,0.29,0.17
315,0.26,0.18
316,0.28,0.16
317,0.28,0.16
318,0.25,0.16
319,0.3,0.16
320,0.26,0.15
321,0.26,0.17
322,0.25,0.15
323,0.27,0.17
324,0.25,0.17
325,0.26,0.17
326,0.27,0.16
327,0.32,0.16
328,0.28,0.16
329,0.29,0.16
330,0.28,0.17
331,0.29,0.15
332,0.25,0.17
333,0.27,0.18
334,0.25,0.17
335,0.27,0.16
336,0.25,0.18
337,0.3,0.18
338,0.26,0.17
339,0.28,0.17
340,0.29,0.17
341,0.27,0.17
342,0.3,0.16
343,0.27,0.18
344,0.26,0.16
345,0.26,0.17
346,0.26,0.16
347,0.27,0.16
348,0.27,0.17
349,0.26,0.15
350,0.25,0.17
351,0.31,0.17
352,0.25,0.16
353,0.26,0.17
354,0.28,0.18
355,0.28,0.15
356,0.26,0.19
357,0.29,0.15
358,0.25,0.19
359,0.27,0.16
360,0.26,0.16
361,0.28,0.17
362,0.26,0.18
363,0.31,0.16
364,0.25,0.15
365,0.27,0.18
366,0.27,0.14
367,0.26,0.17
368,0.29,0.18
369,0.27,0.15
370,0.25,0.18
371,0.27,0.16
372,0.29,0.15
373,0.27,0.17
374,0.31,0.18
375,0.29,0.16
376,0.29,0.16
377,0.3,0.16
378,0.25,0.17
379,0.28,0.18
380,0.31,0.16
381,0.34,0.18
382,0.32,0.16
383,0.32,0.17
384,0.29,0.18
385,0.34,0.18
386,0.43,0.16
387,0.41,0.24
388,0.4,0.82
389,0.32,0.3
390,0.29,1
391,0.4,0.62
392,0.45,1
393,0.36,1
394,0.83,0.53
395,0.79,0.9
396,0.81,0.96
397,0.78,0.66
398,0.79,0.89
399,0.79,0.82
400,0.32,0.77
401,0.33,1
402,0.33,0.66
403,0.48,0.78
404,0.4,0.78
405,0.52,0.88
406,0.32,0.98
407,0.53,0.98
408,0.41,0.37
409,0.42,0.92
410,0.35,0.72
411,0.34,0.51
412,0.33,0.79
413,0.37,0.94
414,0.32,0.76
415,0.29,0.92
416,0.41,0.64
417,0.3,0.58
418,0.28,0.77
419,0.41,0.65
420,0.38,0.83
421,0.37,0.73
422,0.28,0.87
423,0.27,0.95
424,0.29,0.67
425,0.35,0.75
426,0.37,0.93
427,0.42,0.78
428,0.37,0.58
429,0.29,0.9
430,0.31,0.56
431,0.29,0.92
432,0.3,0.55
433,0.48,0.28
434,0.32,0.47
435,0.18,0.48
436,0.19,0.46
437,0.17,0.46
438,0.16,0.47
439,0.14,0.47
440,0.17,0.45
441,0.15,0.47
442,0.15,0.47
443,0.16,0.46
444,0.16,0.47
445,0.15,0.47
446,0.14,0.4
447,0.08,0.4
448,0.1,0.4
449,0.1,0.41
450,0.11,0.4
451,0.08,0.42
452,0.09,0.39
453,0.12,0.41
454,0.11,0.4
455,0.09,0.4
456,0.1,0.39
457,0.09,0.4
458,0.09,0.39
459,0.27,0.43
460,0.37,0.43
461,0.39,0.16
462,0.36,0.16
463,0.43,0.16
464,0.42,0.34
465,0.31,0.43
466,0.1,0.4
467,0.1,0.45
468,0.32,0.42
469,0.53,0.68
470,0.43,0.19
471,0.27,0.15
472,0.3,0.15
473,0.29,0.27
474,0.31,0.17
475,0.27,0.16
476,0.34,0.18
477,0.27,0.16
478,0.28,0.15
479,0.26,0.16
480,0.26,0.15
481,0.27,0.15
482,0.26,0.15
483,0.26,0.18
484,0.31,0.15
485,0.26,0.16
486,0.28,0.16
487,0.29,0.16
488,0.28,0.15
489,0.26,0.15
490,0.26,0.16
491,0.27,0.16
492,0.28,0.16
493,0.27,0.16
494,0.28,0.15
495,0.27,0.16
496,0.29,0.17
497,0.28,0.17
498,0.28,0.15
499,0.26,0.18
500,0.31,0.16
501,0.25,0.16
502,0.28,0.16
503,0.27,0.15
504,0.26,0.16
505,0.28,0.19
506,0.27,0.17
507,0.27,0.17
508,0.27,0.16
509,0.26,0.17
510,0.26,0.16
511,0.37,0.18
512,0.36,0.16
513,0.7,0.2
514,0.67,0.15
515,0.69,0.16
516,0.69,0.36
517,0.68,0.4
518,0.37,0.4
519,0.37,0.4
520,0.39,0.4
521,0.38,0.39
522,0.4,0.4
523,0.39,0.4
524,0.36,0.4
525,0.38,0.4
526,0.36,0.4
527,0.39,0.4
528,0.39,0.4
529,0.43,0.46
530,0.41,0.45
531,0.43,0.47
532,0.45,0.46
533,0.4,0.5
534,0.38,0.45
535,0.39,0.45
536,0.39,0.54
537,0.38,0.47
538,0.41,0.46
539,0.43,0.48
540,0.4,0.5
541,0.41,0.48
542,0.38,0.5
543,0.4,0.47
544,0.39,0.49
545,0.4,0.45
546,0.4,0.49
547,0.39,0.45
548,0.4,0.49
549,0.39,0.46
550,0.39,0.5
551,0.39,0.46
552,0.39,0.46
553,0.39,0.45
554,0.4,0.47
555,0.39,0.47
556,0.41,0.46
557,0.4,0.45
558,0.38,0.46
559,0.38,0.47
560,0.4,0.46
561,0.39,0.46
562,0.39,0.46
563,0.39,0.47
564,0.39,0.5
565,0.38,0.46
566,0.36,0.43
567,0.43,0.4
568,0.39,0.41
569,0.36,0.39
570,0.38,0.39
571,0.36,0.4
572,0.36,0.4
573,0.36,0.4
574,0.37,0.4
575,0.38,0.41
576,0.39,0.4
577,0.37,0.4
578,0.38,0.33
579,0.36,0.43
580,0.34,0.39
581,0.36,0.4
582,0.36,0.4
583,0.36,0.4
584,0.35,0.4
585,0.36,0.39
586,0.36,0.39
587,0.38,0.4
588,0.38,0.44
589,0.36,0.39
590,0.37,0.41
591,0.38,0.4
592,0.35,0.4
593,0.36,0.4
594,0.36,0.39
595,0.36,0.41
596,0.37,0.39
597,0.36,0.43
598,0.38,0.4
599,0.36,0.41
600,0.39,0.39
601,0.36,0.4
602,0.36,0.4
603,0.36,0.4
604,0.36,0.4
605,0.36,0.4
606,0.35,0.4
607,0.38,0.39
608,0.37,0.42
609,0.34,0.4
610,0.37,0.39
611,0.35,0.4
612,0.34,0.39
613,0.37,0.4
614,0.35,0.45
615,0.37,0.4
616,0.36,0.39
617,0.35,0.4
618,0.37,0.4
619,0.36,0.39
620,0.37,0.41
621,0.37,0.4
622,0.36,0.4
623,0.35,0.42
624,0.35,0.39
625,0.35,0.39
626,0.35,0.34
627,0.36,0.4
628,0.37,0.4
629,0.38,0.4
630,0.36,0.4
631,0.35,0.34
632,0.36,0.4
633,0.35,0.39
634,0.36,0.39
635,0.37,0.39
636,0.36,0.43
637,0.36,0.4
638,0.36,0.39
639,0.34,0.4
640,0.37,0.4
641,0.36,0.39
642,0.34,0.4
643,0.36,0.4
644,0.34,0.41
645,0.35,0.4
646,0.38,0.39
647,0.35,0.39
648,0.34,0.4
649,0.38,0.4
650,0.36,0.39
651,0.36,0.4
652,0.35,0.39
653,0.37,0.39
654,0.35,0.4
655,0.35,0.34
656,0.38,0.43
657,0.35,0.4
658,0.35,0.39
659,0.37,0.4
660,0.35,0.4
661,0.36,0.4
662,0.35,0.43
663,0.36,0.4
664,0.36,0.42
665,0.39,0.33
666,0.36,0.39
667,0.36,0.41
668,0.36,0.39
669,0.36,0.4
670,0.35,0.43
671,0.37,0.42
672,0.37,0.4
673,0.38,0.4
674,0.36,0.4
675,0.36,0.39
676,0.36,0.4
677,0.34,0.4
678,0.38,0.4
679,0.36,0.4
680,0.36,0.43
681,0.37,0.4
682,0.35,0.39
683,0.36,0.4
684,0.36,0.4
685,0.35,0.4
686,0.35,0.4
687,0.35,0.4
688,0.36,0.4
689,0.36,0.39
690,0.35,0.4
691,0.36,0.39
692,0.36,0.4
693,0.35,0.4
694,0.36,0.4
695,0.37,0.33
696,0.35,0.4
697,0.37,0.4
698,0.36,0.39
699,0.36,0.42
700,0.35,0.4
701,0.36,0.4
702,0.36,0.41
703,0.36,0.4
704,0.37,0.39
705,0.36,0.39
706,0.37,0.39
707,0.35,0.39
708,0.35,0.4
709,0.36,0.4
710,0.34,0.39
711,0.37,0.39
712,0.38,0.4
713,0.36,0.39
714,0.38,0.39
715,0.36,0.4
716,0.37,0.4
717,0.37,0.4
718,0.36,0.4
719,0.35,0.39
720,0.39,0.39
721,0.36,0.39
722,0.36,0.39
723,0.36,0.41
724,0.36,0.4
725,0.36,0.39
726,0.35,0.39
727,0.35,0.39
728,0.37,0.42
729,0.46,0.4
730,0.38,0.4
731,0.36,0.39
732,0.36,0.4
733,0.37,0.33
734,0.36,0.39
735,0.36,0.39
736,0.36,0.4
737,0.36,0.4
738,0.37,0.39
739,0.36,0.4
740,0.36,0.39
741,0.37,0.4
742,0.36,0.39
743,0.37,0.39
744,0.45,0.39
745,0.44,0.39
746,0.46,0.41
747,0.12,0.4
748,0.38,0.42
749,0.35,0.17
750,0.48,0.15
751,0.32,0.17
752,0.31,0.15
753,0.3,0.16
754,0.55,0.16
755,0.41,0.15
756,0.46,0.4
757,0.11,0.4
758,0.44,0.41
759,0.47,0.19
760,0.4,0.41
761,0.11,0.4
762,0.51,0.4
763,0.69,0.79
764,0.67,0.19
765,0.67,0.16
766,0.66,0.15
767,0.66,0.15
768,0.67,0.16
769,0.68,0.3
770,0.69,0.15
771,0.69,0.16
772,0.8,0.35
773,0.69,0.46
774,0.86,0.43
775,0.79,0.29
776,0.77,0.47
777,0.48,0.39
778,0.83,0.4
779,0.86,0.27
780,0.85,0.27
781,0.52,0.4
782,0.82,0.44
783,0.88,0.38
784,0.85,0.33
785,0.53,0.48
786,0.86,0.41
787,0.84,0.41
788,0.83,0.31
789,0.5,0.4
790,0.47,0.4
791,0.52,0.44
792,0.5,0.4
793,0.49,0.53
794,0.82,0.4
795,0.84,0.54
796,0.82,0.28
797,0.5,0.4
798,0.5,0.4
799,0.48,0.39
800,0.5,0.4
801,0.51,0.46
802,0.5,0.39
803,0.49,0.44
804,0.48,0.4
805,0.48,0.4
806,0.6,0.39
807,0.49,0.42
808,0.55,0.4
809,0.28,0.8
810,0.22,0.79
811,0.4,0.86
812,0.35,0.61
813,0.19,0.79
814,0.2,0.79
815,0.41,0.81
816,0.3,0.6
817,0.11,0.79
818,0.16,0.76
819,0.31,0.43
820,0.28,0.16
821,0.27,0.17
822,0.3,0.16
823,0.26,0.16
824,0.26,0.16
825,0.26,0.15
826,0.26,0.17
827,0.26,0.15
828,0.26,0.18
829,0.28,0.16
830,0.28,0.16
831,0.26,0.17
832,0.27,0.16
833,0.31,0.16
834,0.25,0.15
835,0.27,0.16
836,0.27,0.16
837,0.25,0.16
838,0.28,0.16
839,0.29,0.17
840,0.42,0.23
841,0.65,0.46
842,0.53,0.45
843,0.51,0.45
844,0.52,0.46
845,0.51,0.47
846,0.51,0.47
847,0.53,0.46
848,0.51,0.46
849,0.54,0.47
850,0.51,0.46
851,0.59,0.47
852,0.53,0.46
853,0.51,0.46
854,0.66,0.47
855,0.83,0.24
856,0.81,0.25
857,0.74,0.49
858,0.67,0.48
859,0.84,0.27
860,0.84,0.26
861,0.79,0.49
862,0.53,0.47
863,0.51,0.46
864,0.69,0.49
865,0.88,0.38
866,0.88,0.3
867,0.76,0.49
868,0.54,0.47
869,0.51,0.46
870,0.54,0.47
871,0.51,0.46
872,0.54,0.46
873,0.51,0.46
874,0.51,0.47
875,0.52,0.46
876,0.5,0.47
877,0.52,0.48
878,0.68,0.49
879,0.84,0.37
880,0.77,0.17
881,0.83,0.17
882,0.91,0.37
883,0.83,0.5
884,0.71,0.5
885,0.9,0.41
886,0.88,0.37
887,0.83,0.5
888,0.54,0.46
889,0.52,0.46
890,0.73,0.48
891,0.88,0.44
892,0.87,0.36
893,0.83,0.5
894,0.72,0.49
895,0.88,0.46
896,0.79,0.37
897,0.88,0.47
898,0.63,0.47
899,0.17,0.45
900,0.22,0.52
901,0.39,0.48
902,0.36,0.15
903,0.34,0.15
904,0.36,0.15
905,0.34,0.15
906,0.34,0.16
907,0.31,0.18
908,0.33,0.16
909,0.27,0.16
910,0.71,0.15
911,0.29,0.16
912,0.3,0.16
913,0.29,0.16
914,0.3,0.15
915,0.26,0.16
916,0.41,0.28
917,0.36,0.52
918,0.52,0.46
919,0.53,0.48
920,0.52,0.47
921,0.52,0.46
922,0.51,0.47
923,0.51,0.47
924,0.51,0.47
925,0.52,0.47
926,0.5,0.47
927,0.6,0.47
928,0.62,0.48
929,0.82,0.46
930,0.77,0.16
931,0.79,0.17
932,0.77,0.17
933,0.78,0.16
934,0.78,0.18
935,0.77,0.17
936,0.76,0.16
937,0.76,0.16
938,0.79,0.17
939,0.77,0.18
940,0.77,0.16
941,0.78,0.16
942,0.78,0.16
943,0.79,0.15
944,0.77,0.16
945,0.79,0.15
946,0.77,0.18
947,0.77,0.15
948,0.78,0.16
949,0.77,0.15
950,0.78,0.17
951,0.78,0.16
952,0.77,0.16
953,0.77,0.16
954,0.76,0.19
955,0.78,0.17
956,0.78,0.17
957,0.78,0.16
958,0.78,0.18
959,0.77,0.16
960,0.81,0.16
961,0.86,0.46
962,0.59,0.47
963,0.56,0.47
964,0.6,0.48
965,0.56,0.46
966,0.59,0.47
967,0.59,0.47
968,0.59,0.46
969,0.85,0.47
970,0.92,0.16
971,0.84,0.47
972,0.57,0.41
973,0.91,0.45
974,0.89,0.15
975,0.85,0.41
976,0.56,0.41
977,0.75,0.4
978,0.36,0.41
979,0.35,0.41
980,0.43,0.18
981,0.34,0.42
982,0.13,0.41
983,0.28,0.4
984,0.27,0.16
985,0.25,0.17
986,0.29,0.16
987,0.29,0.16
988,0.36,0.16
989,0.28,0.15
990,0.3,0.15
991,0.28,0.16
992,0.29,0.17
993,0.25,0.18
994,0.28,0.19
995,0.26,0.16
996,0.27,0.17
997,0.25,0.18
998,0.29,0.15
999,0.26,0.2
1000,0.31,0.17
1001,0.29,0.16
1002,0.29,0.15
1003,0.26,0.16
1004,0.28,0.16
1005,0.26,0.16
1006,0.27,0.16
1007,0.26,0.15
1008,0.28,0.16
1009,0.26,0.17
1010,0.27,0.17
1011,0.27,0.16
1012,0.27,0.18
1013,0.28,0.15
1014,0.29,0.15
1015,0.25,0.15
1016,0.29,0.19
1017,0.26,0.16
1018,0.28,0.16
1019,0.27,0.15
1020,0.27,0.16
1021,0.26,0.18
1022,0.3,0.17
1023,0.27,0.15
1024,0.28,0.17
1025,0.25,0.15
1026,0.3,0.18
1027,0.26,0.15
1028,0.26,0.17
1029,0.29,0.16
1030,0.26,0.17
1031,0.25,0.17
1032,0.27,0.17
1033,0.28,0.16
1034,0.26,0.17
1035,0.26,0.17
1036,0.26,0.17
1037,0.28,0.17
1038,0.26,0.16
1039,0.25,0.15
1040,0.29,0.17
1041,0.29,0.16
1042,0.29,0.16
1043,0.27,0.17
1044,0.28,0.16
1045,0.27,0.16
1046,0.29,0.16
1047,0.28,0.16
1048,0.27,0.16
1049,0.28,0.17
1050,0.25,0.17
1051,0.27,0.15
1052,0.27,0.17
1053,0.3,0.16
1054,0.27,0.16
1055,0.25,0.16
1056,0.27,0.16
1057,0.28,0.16
1058,0.27,0.16
1059,0.27,0.17
1060,0.26,0.16
1061,0.28,0.19
1062,0.29,0.15
1063,0.25,0.18
1064,0.27,0.18
1065,0.26,0.19
1066,0.26,0.15
1067,0.28,0.18
1068,0.26,0.17
1069,0.28,0.17
1070,0.26,0.17
1071,0.3,0.18
1072,0.26,0.16
1073,0.26,0.18
1074,0.26,0.17
1075,0.26,0.16
1076,0.25,0.16
1077,0.26,0.16
1078,0.26,0.15
1079,0.25,0.16
1080,0.29,0.17
1081,0.28,0.16
1082,0.27,0.16
1083,0.31,0.41
1084,0.07,0.4
1085,0.44,0.41
1086,0.46,0.17
1087,0.34,0.41
1088,0.18,0.4
1089,0.33,0.41
1090,0.31,0.15
1091,0.3,0.17
1092,0.26,0.21
1093,0.27,0.16
1094,0.29,0.15
1095,0.34,0.15
1096,0.31,0.17
1097,0.3,0.21
1098,0.32,0.18
1099,0.31,0.17
1100,0.31,0.15
1101,0.3,0.18
1102,0.28,0.15
1103,0.29,0.16
1104,0.32,0.15
1105,0.26,0.16
1106,0.29,0.18
1107,0.26,0.15
1108,0.96,0.15
1109,0.45,0.41
1110,0.11,0.51
1111,0.39,0.41
1112,0.43,0.16
1113,0.44,0.57
1114,0.05,0.4
1115,0.38,0.44
1116,0.38,0.15
1117,0.4,0.42
1118,0.08,0.42
1119,0.38,0.41
1120,0.39,0.16
1121,0.38,0.69
1122,0.1,0.48
1123,0.37,0.4
1124,0.34,0.15
1125,0.42,0.41
1126,0.1,0.4
1127,0.41,0.4
1128,0.39,0.16
1129,0.39,0.42
1130,0.13,0.4
1131,0.39,0.41
1132,0.42,0.17
1133,0.39,0.16
1134,0.34,0.17
1135,0.36,0.41
1136,0.12,0.4
1137,0.32,0.39
1138,0.35,0
1139,0.36,0.42
1140,0.58,0.4
1141,0.76,0.4
1142,0.15,0.41
1143,0.4,0.41
1144,0.58,0.18
1145,0.43,0.43
1146,0.05,0.4
1147,0.39,0.41
1148,0.39,0.17
1149,0.39,0.41
1150,0.48,0.41
1151,0.09,0.4
1152,0.17,0.4
1153,0.39,0.42
1154,0.57,0.18
1155,0.51,0.41
1156,0.12,0.4
1157,0.44,0.41
1158,0.41,0.16
1159,0.47,0.39
1160,0.14,0.4
1161,0.48,0.4
1162,0.39,0.16
1163,0.44,0.54
1164,0.08,0.41
1165,0.4,0.41
1166,0.48,0.32
1167,0.42,0.39
1168,0.08,0.41
1169,0.39,0.41
1170,0.39,0.22
1171,0.34,0.16
1172,0.33,0.17
1173,0.36,0.37
1174,0.08,0.4
1175,0.35,0.41
1176,0.37,0.37
1177,0.34,0.6
1178,0.34,0.43
1179,0.36,0.41
1180,0.35,0.3
1181,0.36,0.37
1182,0.09,0.6
1183,0.38,0.4
1184,0.36,0.49
1185,0.37,0.25
1186,0.14,0.4
1187,0.35,0.41
1188,0.33,0.15
1189,0.36,0.15
1190,0.32,0.16
1191,0.39,0.3
1192,0.07,0.41
1193,0.17,0.4
1194,0.4,0.16
1195,0.31,0.17
1196,0.32,0.18
1197,0.33,0.17
1198,0.37,0.18
1199,0.31,0.28
1200,0.08,0.4
1201,0.14,0.4
1202,0.38,0.19
1203,0.38,0.24
1204,0.12,0.41
1205,0.17,0.4
1206,0.36,0.16
1207,0.36,0.16
1208,0.33,0.15
1209,0.36,0.25
1210,0.14,0.44
1211,0.17,0.4
1212,0.34,0.43
1213,0.36,0.17
1214,0.37,0.15
1215,0.38,0.24
1216,0.19,0.4
1217,0.25,0.45
1218,0.33,0.75
1219,0.39,0.24
1220,0.29,0.42
1221,0.18,0.4
1222,0.37,0.8
1223,0.39,0.15
1224,0.38,0.15
1225,0.34,0.15
1226,0.35,0.17
1227,0.38,0.3
1228,0.3,0.42
1229,0.2,0.4
1230,0.35,0.61
1231,0.39,0.25
1232,0.27,0.43
1233,0.21,0.51
1234,0.33,0.17
1235,0.32,0.15
1236,0.32,0.21
1237,0.33,0.15
1238,0.33,0.16
1239,0.31,0.16
1240,0.32,0.17
1241,0.29,0.18
1242,0.34,0.17
1243,0.3,0.15
1244,0.34,0.16
1245,0.32,0.16
1246,0.31,0.17
1247,0.31,0.17
1248,0.34,0.18
1249,0.47,0.28
1250,0.27,0.42
1251,0.27,0.41
1252,0.36,0.28
1253,0.32,0.18
1254,0.31,0.18
1255,0.36,0.18
1256,0.3,0.18
1257,0.31,0.17
1258,0.32,0.16
1259,0.36,0.15
1260,0.3,0.18
1261,0.31,0.17
1262,0.29,0.16
1263,0.3,0.19
1264,0.35,0.16
1265,0.31,0.15
1266,0.3,0.17
1267,0.33,0.15
1268,0.29,0.16
1269,0.33,0.16
1270,0.29,0.16
1271,0.32,0.15
1272,0.33,0.15
1273,0.3,0.15
1274,0.31,0.15
1275,0.33,0.16
1276,0.3,0.15
1277,0.38,0.37
1278,0.32,0.43
1279,0.24,0.43
1280,0.3,0.35
1281,0.31,0.16
1282,0.29,0.15
1283,0.3,0.17
1284,0.28,0.15
1285,0.29,0.15
1286,0.3,0.17
1287,0.3,0.16
1288,0.3,0.17
1289,0.31,0.17
1290,0.31,0.17
1291,0.29,0.15
1292,0.31,0.15
1293,0.32,0.15
1294,0.28,0.15
1295,0.33,0.15
1296,0.29,0.17
1297,0.3,0.16
1298,0.3,0.17
1299,0.3,0.15
1300,0.32,0.16
1301,0.31,0.18
1302,0.29,0.15
1303,0.33,0.14
1304,0.33,0.18
1305,0.32,0.15
1306,0.35,0.17
1307,0.33,0.15
1308,0.29,0.17
1309,0.31,0.16
1310,0.57,0.15
1311,0.32,0.14
1312,0.37,0.16
1313,0.34,0.16
1314,0.31,0.16
1315,0.31,0.15
1316,0.31,0.18
1317,0.35,0.16
1318,0.31,0.15
1319,0.33,0.15
1320,0.35,0.15
1321,0.33,0.16
1322,0.32,0.17
1323,0.34,0.16
1324,0.32,0.16
1325,0.31,0.14
1326,0.31,0.16
1327,0.34,0.18
1328,0.3,0.16
1329,0.32,0.15
1330,0.31,0.15
1331,0.31,0.16
1332,0.31,0.16
1333,0.32,0.17
1334,0.33,0.18
1335,0.33,0.16
1336,0.34,0.15
1337,0.3,0.15
1338,0.33,0.17
1339,0.31,0.15
1340,0.29,0.16
1341,0.31,0.14
1342,0.33,0.16
1343,0.32,0.15
1344,0.32,0.15
1345,0.35,0.19
1346,0.3,0.18
1347,0.34,0.12
1348,0.34,0.15
1349,0.3,0.15
1350,0.34,0.17
1351,0.31,0.2
1352,0.3,0.15
1353,0.3,0.15
1354,0.3,0.17
1355,0.3,0.16
1356,0.3,0.16
1357,0.33,0.15
1358,0.35,0.15
1359,0.35,0.15
1360,0.42,0.15
1361,0.32,0.16
1362,0.31,0.15
1363,0.31,0.15
1364,0.34,0.16
1365,0.35,0.15
1366,0.33,0.16
1367,0.34,0.15
1368,0.37,0.17
1369,0.34,0.15
1370,0.31,0.15
1371,0.31,0.15
1372,0.34,0.16
1373,0.32,0.16
1374,0.32,0.17
1375,0.35,0.16
1376,0.31,0.16
1377,0.33,0.16
1378,0.33,0.16
1379,0.34,0.16
1380,0.31,0.17
1381,0.3,0.15
1382,0.3,0.16
1383,0.3,0.16
1384,0.32,0.16
1385,0.32,0.16
1386,0.31,0.19
1387,0.35,0.15
1388,0.38,0.4
1389,0.08,0.4
1390,0.31,0.4
1391,0.3,0.15
1392,0.38,0.17
1393,0.35,0.15
1394,0.42,0.15
1395,0.45,0.16
1396,0.39,0.4
1397,0.08,0.4
1398,0.4,0.4
1399,0.52,0.16
1400,0.36,0.4
1401,0.11,0.4
1402,0.34,0.4
1403,0.35,0.15
1404,0.34,0.41
1405,0.06,0.4
1406,0.36,0.4
1407,0.35,0.15
1408,0.35,0.16
1409,0.34,0.16
1410,0.31,0.16
1411,0.31,0.15
1412,0.32,0.17
1413,0.29,0.16
1414,0.31,0.16
1415,0.33,0.16
1416,0.36,0.15
1417,0.32,0.15
1418,0.34,0.16
1419,0.32,0.18
1420,0.32,0.16
1421,0.31,0.17
1422,0.32,0.16
1423,0.33,0.17
1424,0.32,0.16
1425,0.32,0.15
1426,0.3,0.17
1427,0.3,0.15
1428,0.31,0.17
1429,0.32,0.17
1430,0.3,0.17
1431,0.31,0.16
1432,0.31,0.16
1433,0.32,0.16
1434,0.33,0.21
1435,0.31,0.15
1436,0.33,0.16
1437,0.29,0.19
1438,0.29,0.16
1439,0.41,0.15
1440,0.35,0.4
1441,0.05,0.4
1442,0.4,0.41
1443,0.38,0.16
1444,0.37,0.42
1445,0.04,0.41
1446,0.36,0.41
1447,0.41,0.16
1448,0.45,0.47
1449,0.12,0.43
1450,0.44,0.45
1451,0.43,0.64
1452,0.44,0.65
1453,0.11,0.86
1454,0.48,0.88
1455,0.39,0.16
1456,0.44,0.47
1457,0.11,0.44
1458,0.46,0.84
1459,0.44,0.18
1460,0.44,0.87
1461,0.13,0.5
1462,0.43,0.44
1463,0.43,0.34
1464,0.43,0.58
1465,0.16,0.65
1466,0.42,0.47
1467,0.42,0.52
1468,0.44,0.66
1469,0.15,0.62
1470,0.46,0.69
1471,0.43,0.93
1472,0.4,0.84
1473,0.45,0.71
1474,0.44,0.83
1475,0.46,0.8
1476,0.42,1
1477,0.47,0.57
1478,0.69,0.46
1479,0.42,0.18
1480,0.39,0.43
1481,0.05,0.44
1482,0.4,0.46
1483,0.4,0.18
1484,0.38,0.2
1485,0.39,0.22
1486,0.44,0.43
1487,0.03,0.5
1488,0.38,0.45
1489,0.43,0.32
1490,0.31,0.72
1491,0.39,0.89
1492,0.47,0.44
1493,0.31,0.54
1494,0.34,0.42
1495,0.03,0.41
1496,0.43,0.41
1497,0.42,0.18
1498,0.46,0.41
1499,0.07,0.41
1500,0.41,0.4
1501,0.4,0.16
1502,0.39,0.41
1503,0.05,0.4
1504,0.39,0.42
1505,0.42,0.17
1506,0.38,0.41
1507,0.08,0.41
1508,0.4,0.41
1509,0.4,0.16
1510,0.36,0.46
1511,0.04,0.44
1512,0.39,0.42
1513,0.43,0.3
1514,0.4,0.57
1515,0.05,0.41
1516,0.4,0.4
1517,0.4,0.27
1518,0.5,0.47
1519,0.18,0.42
1520,0.4,0.46
1521,0.46,0.26
1522,0.33,0.41
1523,0.05,0.41
1524,0.43,0.41
1525,0.41,0.62
1526,0.4,0.42
1527,0.06,0.47
1528,0.39,0.41
1529,0.4,0.18
1530,0.4,0.63
1531,0.01,0.41
1532,0.43,0.44
1533,0.43,0.67
1534,0.44,0.37
1535,0.34,0.45
1536,0.4,0.41
1537,0.44,0.23
1538,0.4,0.54
1539,0.05,0.41
1540,0.38,0.42
1541,0.38,0.6
1542,0.43,0.36
1543,0.04,0.41
1544,0.42,0.42
1545,0.45,0.16
1546,0.43,0.41
1547,0.07,0.5
1548,0.41,0.42
1549,0.41,0.57
1550,0.4,0.35
1551,0.03,0.41
1552,0.4,0.4
1553,0.43,0.19
1554,0.45,0.37
1555,0.07,0.42
1556,0.43,0.41
1557,0.41,0.19
1558,0.4,0.27
1559,0.14,0.5
1560,0.42,0.55
1561,0.46,0.38
1562,0.37,0.28
1563,0.06,0.45
1564,0.43,0.41
1565,0.42,0.94
1566,0.44,0.33
1567,0.07,0.42
1568,0.17,0.41
1569,0.44,0.43
1570,0.45,0.19
1571,0.41,0.18
1572,0.42,0.4
1573,0.06,0.41
1574,0.32,0.4
1575,0.48,0.18
1576,0.5,0.24
1577,0.6,0.41
1578,0.15,0.4
1579,0.43,0.16
1580,0.44,0.16
1581,0.51,0.16
1582,0.36,0.15
1583,0.34,0.17
1584,0.34,0.17
1585,0.36,0.17
1586,0.32,0.15
1587,0.33,0.18
1588,0.34,0.17
1589,0.32,0.16
1590,0.38,0.15
1591,0.35,0.19
1592,0.37,0.15
1593,0.35,0.16
1594,0.34,0.16
1595,0.35,0.16
1596,0.35,0.18
1597,0.34,0.18
1598,0.36,0.15
1599,0.34,0.18
1600,0.33,0.17
1601,0.34,0.16
1602,0.35,0.16
1603,0.35,0.17
1604,0.32,0.23
1605,0.38,0.18
1606,0.34,0.16
1607,0.34,0.17
1608,0.38,0.17
1609,0.33,0.18
1610,0.35,0.15
1611,0.35,0.16
1612,0.37,0.18
1613,0.37,0.16
1614,0.48,0.18
1615,0.64,0.18
1616,0.59,0.16
1617,0.38,0.18
1618,0.34,0.41
1619,0.02,0.4
1620,0.03,0.41
1621,0.04,0.4
1622,0.04,0.41
1623,0.04,0.4
1624,0.02,0.15
1625,0.03,0.4
1626,0.04,0.4
1627,0.02,0.4
1628,0.04,0.18
1629,0.02,0.41
1630,0.03,0.4
1631,0.03,0.41
1632,0.01,0.18
1633,0.04,0.19
1634,0.03,0.4
1635,0.07,0.41
1636,0.22,0.4
1637,0.04,0.17
1638,0.03,0.16
1639,0.03,0.18
1640,0.03,0.23
1641,0.03,0.4
1642,0.02,0.4
1643,0.04,0.15
1644,0.01,0.16
1645,0.04,0.17
1646,0.02,0.16
1647,0.07,0.16
1648,0.02,0.15
1649,0.03,0.41
1650,0.04,0.4
1651,0.06,0.41
1652,0.06,0.17
1653,0.03,0.15
1654,0.06,0.16
1655,0.05,0.15
1656,0.02,0.18
1657,0.04,0.16
1658,0.02,0.16
1659,0.03,0.18
1660,0.03,0.16
1661,0.04,0.18
1662,0.02,0.37
1663,0.06,0.37
1664,0.05,0.37
1665,0.03,0.37
1666,0.05,0.37
1667,0.02,0.37
1668,0.04,0.37
1669,0.05,0.37
1670,0.02,0.37
1671,0.05,0.37
1672,0.02,0.37
1673,0.05,0.37
1674,0.03,0.37
1675,0.04,0.37
1676,0.03,0.37
1677,0.04,0.38
1678,0.03,0.37
1679,0.02,0.37
1680,0.03,0.37
1681,0.08,0.55
1682,0.08,0.37
1683,0.62,0.38
1684,0.58,0.37
1685,0.59,0.37
1686,0.71,0.37
1687,0.69,0.37
1688,0.62,0.37
1689,0.6,0.37
1690,0.61,0.37
1691,0.73,0.37
1692,0.38,0.38
1693,0.41,0.18
1694,0.87,0.15
1695,0.87,0.23
1696,0.84,0.4
1697,0.59,0.4
1698,0.89,0.44
1699,0.88,0.18
1700,0.88,0.41
1701,0.57,0.41
1702,0.88,0.4
1703,0.88,0.18
1704,0.9,0.99
1705,0.89,0.41
1706,0.59,0.4
1707,0.59,0.4
1708,0.9,0.38
1709,0.9,0.29
1710,0.87,0.42
1711,0.61,0.41
1712,0.9,0.41
1713,0.92,0.24
1714,0.9,0.4
1715,0.62,0.41
1716,0.9,0.4
1717,0.84,0.19
1718,0.86,0.45
1719,0.58,0.44
1720,0.9,0.41
1721,0.89,0.29
1722,0.89,0.41
1723,0.6,0.4
1724,0.88,0.44
1725,0.87,0.15
1726,0.88,0.41
1727,0.59,0.4
1728,0.89,0.41
1729,0.88,0.23
1730,0.89,0.4
1731,0.58,0.41
1732,0.86,0.41
1733,0.88,0.19
1734,0.86,0.71
1735,0.85,0.4
1736,0.58,0.4
1737,0.59,0.41
1738,0.88,0.18
1739,0.87,0.17
1740,0.88,0.4
1741,0.59,0.4
1742,0.89,0.4
1743,0.89,0.16
1744,0.89,0.41
1745,0.59,0.44
1746,0.9,0.44
1747,0.9,0.19
1748,0.89,0.41
1749,0.64,0.44
1750,0.88,0.41
1751,0.9,0.17
1752,0.87,0.56
1753,0.59,0.4
1754,0.87,0.41
1755,0.87,0.15
1756,0.87,0.41
1757,0.61,0.41
1758,0.88,0.41
1759,0.88,0.18
1760,0.88,0.41
1761,0.57,0.4
1762,0.88,0.4
1763,0.89,0.18
1764,0.47,0.42
1765,0.06,0.4
1766,0.05,0.41
1767,0.07,0.23
1768,0.05,0.42
1769,0.04,0.41
1770,0.04,0.4
1771,0.02,0.41
1772,0.01,0.41
1773,0.03,0.41
1774,0.02,0.15
1775,0.07,0.21
1776,0.02,0.44
1777,0.05,0.41
1778,0.03,0.41
1779,0.04,0.2
1780,0.03,0.41
1781,0.06,0.41
1782,0.02,0.41
1783,0.07,0.4
1784,0.01,0.19
1785,0.06,0.21
1786,0.05,0.32
1787,0.06,0.41
1788,0.04,0.41
1789,0.09,0.4
1790,0.03,0.15
1791,0.07,0.16
1792,0.01,0.16
1793,0.07,0.18
1794,0.05,0.27
1795,0.1,0.41
1796,0.06,0.48
1797,0.1,0.42
1798,0.04,0.42
1799,0.09,0.19
1800,0.04,0.16
1801,0.06,0.18
1802,0.03,0.25
1803,0.06,0.25
1804,0.04,0.16
1805,0.07,0.2
1806,0.04,0.18
1807,0.05,0.21
1808,0.02,0.17
1809,0.07,0.37
1810,0.03,0.37
1811,0.08,0.37
1812,0.01,0.37
1813,0.08,0.38
1814,0.06,0.37
1815,0.07,0.38
1816,0.05,0.38
1817,0.04,0.37
1818,0.03,0.37
1819,0.05,0.37
1820,0.02,0.38
1821,0.04,0.38
1822,0.02,0.38
1823,0.06,0.37
1824,0.03,0.37
1825,0.06,0.37
1826,0.02,0.37
1827,0.05,0.37
1828,0.03,0.37
1829,0.03,0.37
1830,0.04,0.37
1831,0.07,0.38
1832,0.05,0.38
1833,0.07,0.37
1834,0.03,0.37
1835,0.07,0.37
1836,0.02,0.37
1837,0.03,0.37
1838,0.02,0.37
1839,0.04,0.37
1840,0.03,0.37
1841,0.04,0.38
1842,0.01,0.37
1843,0.05,0.38
1844,0.01,0.37
1845,0.06,0.38
1846,0.02,0.37
1847,0.04,0.37
1848,0.01,0.37
1849,0.06,0.37
1850,0.03,0.37
1851,0.06,0.37
1852,0.02,0.37
1853,0.05,0.38
1854,0.02,0.37
1855,0.05,0.37
1856,0.05,0.38
1857,0.06,0.37
1858,0.05,0.37
1859,0.07,0.37
1860,0.04,0.37
1861,0.05,0.38
1862,0.03,0.38
1863,0.06,0.37
1864,0.03,0.37
1865,0.07,0.37
1866,0.04,0.38
1867,0.05,0.37
1868,0.03,0.37
1869,0.06,0.37
1870,0.04,0.37
1871,0.07,0.38
1872,0.04,0.37
1873,0.08,0.38
1874,0.04,0.38
1875,0.08,0.37
1876,0.02,0.39
1877,0.06,0.37
1878,0.07,0.38
1879,0.05,0.37
1880,0.07,0.37
1881,0.11,0.38
1882,0.05,0.37
1883,0.12,0.37
1884,0.06,0.37
1885,0.05,0.37
1886,0.04,0.37
1887,0.07,0.37
1888,0.05,0.37
1889,0.07,0.37
1890,0.04,0.38
1891,0.06,0.37
1892,0.03,0.37
1893,0.07,0.38
1894,0.04,0.37
1895,0.05,0.37
1896,0.04,0.37
1897,0.06,0.37
1898,0.04,0.37
1899,0.06,0.38
1900,0.03,0.38
1901,0.07,0.38
1902,0.04,0.37
1903,0.1,0.38
1904,0.04,0.38
1905,0.08,0.38
1906,0.03,0.37
1907,0.08,0.37
1908,0.05,0.37
1909,0.05,0.37
1910,0.08,0.37
1911,0.07,0.38
1912,0.05,0.37
1913,0.15,0.38
1914,0.06,0.37
1915,0.08,0.38
1916,0.07,0.38
1917,0.05,0.38
1918,0.03,0.37
1919,0.07,0.37
1920,0.02,0.37
1921,0.06,0.38
1922,0.03,0.37
1923,0.08,0.37
1924,0.03,0.38
1925,0.06,0.38
1926,0.05,0.38
1927,0.06,0.37
1928,0.05,0.38
1929,0.07,0.37
1930,0.04,0.37
1931,0.06,0.37
1932,0.03,0.37
1933,0.08,0.38
1934,0.05,0.37
1935,0.06,0.37
1936,0.04,0.37
1937,0.07,0.38
1938,0.05,0.37
1939,0.09,0.37
1940,0.07,0.37
1941,0.1,0.38
1942,0.05,0.37
1943,0.08,0.37
1944,0.02,0.37
1945,0.07,0.38
1946,0.04,0.37
1947,0.06,0.38
1948,0.02,0.37
1949,0.06,0.38
1950,0.04,0.37
1951,0.1,0.37
1952,0.03,0.37
1953,0.06,0.37
1954,0.03,0.37
1955,0.04,0.37
1956,0.03,0.37
1957,0.05,0.37
1958,0.06,0.37
1959,0.06,0.38
1960,0.06,0.37
1961,0.09,0.38
1962,0.04,0.37
1963,0.07,0.37
1964,0.04,0.37
1965,0.09,0.37
1966,0.06,0.37
1967,0.09,0.37
1968,0.04,0.37
1969,0.07,0.37
1970,0.02,0.37
1971,0.06,0.37
1972,0.07,0.38
1973,0.06,0.37
1974,0.06,0.37
1975,0.06,0.37
1976,0.04,0.38
1977,0.07,0.37
1978,0.04,0.37
1979,0.09,0.39
1980,0.05,0.37
1981,0.08,0.37
1982,0.04,0.37
1983,0.06,0.37
1984,0.04,0.37
1985,0.08,0.37
1986,0.05,0.37
1987,0.06,0.37
1988,0.06,0.37
1989,0.12,0.38
1990,0.04,0.37
1991,0.1,0.37
1992,0.04,0.37
1993,0.06,0.37
1994,0.03,0.37
1995,0.08,0.37
1996,0.03,0.37
1997,0.05,0.37
1998,0.03,0.37
1999,0.05,0.37
2000,0.06,0.37
2001,0.08,0.37
2002,0.05,0.37
2003,0.09,0.37
2004,0.05,0.37
2005,0.05,0.37
2006,0.05,0.38
2007,0.09,0.37
2008,0.06,0.37
2009,0.1,0.38
2010,0.08,0.37
2011,0.1,0.37
2012,0.04,0.38
2013,0.09,0.37
2014,0.05,0.37
2015,0.06,0.37
2016,0.05,0.37
2017,0.07,0.37
2018,0.04,0.37
2019,0.06,0.37
2020,0.05,0.37
2021,0.07,0.37
2022,0.03,0.37
2023,0.07,0.38
2024,0.04,0.37
2025,0.06,0.37
2026,0.05,0.38
2027,0.07,0.38
2028,0.07,0.38
2029,0.04,0.37
2030,0.05,0.37
2031,0.06,0.38
2032,0.08,0.37
2033,0.07,0.39
2034,0.07,0.37
2035,0.06,0.37
2036,0.04,0.38
2037,0.07,0.37
2038,0.03,0.37
2039,0.07,0.37
2040,0.03,0.37
2041,0.03,0.37
2042,0.04,0.37
2043,0.04,0.37
2044,0.03,0.37
2045,0.06,0.37
2046,0.04,0.37
2047,0.1,0.37
2048,0.05,0.37
2049,0.04,0.37
2050,0.04,0.37
2051,0.08,0.37
2052,0.06,0.37
2053,0.05,0.45
2054,0.07,0.37
2055,0.08,0.38
2056,0.09,0.38
2057,0.06,0.37
2058,0.04,0.38
2059,0.06,0.37
2060,0.04,0.37
2061,0.03,0.38
2062,0.05,0.37
2063,0.03,0.37
2064,0.03,0.37
2065,0.05,0.38
2066,0.04,0.37
2067,0.04,0.37
2068,0.03,0.37
2069,0.03,0.37
2070,0.1,0.37
2071,0.05,0.37
2072,0.03,0.37
2073,0.06,0.37
2074,0.03,0.37
2075,0.07,0.37
2076,0.03,0.38
2077,0.04,0.37
2078,0.03,0.37
2079,0.03,0.37
2080,0.11,0.37
2081,0.05,0.37
2082,0.03,0.37
2083,0.08,0.37
2084,0.09,0.38
2085,0.08,0.39
2086,0.07,0.38
2087,0.05,0.37
2088,0.03,0.37
2089,0.03,0.37
2090,0.03,0.37
2091,0.05,0.37
2092,0.05,0.37
2093,0.04,0.37
2094,0.12,0.37
2095,0.04,0.37
2096,0.06,0.37
2097,0.09,0.37
2098,0.05,0.37
2099,0.05,0.37
2100,0.07,0.37
2101,0.05,0.38
2102,0.04,0.37
2103,0.04,0.37
2104,0.04,0.37
2105,0.05,0.38
2106,0.04,0.37
2107,0.04,0.37
2108,0.02,0.37
2109,0.04,0.37
2110,0.04,0.37
2111,0.04,0.46
2112,0.06,0.37
2113,0.08,0.37
2114,0.06,0.38
2115,0.07,0.37
2116,0.04,0.38
2117,0.04,0.38
2118,0.02,0.38
2119,0.03,0.37
2120,0.02,0.37
2121,0.03,0.37
2122,0.05,0.37
2123,0.04,0.37
2124,0.03,0.37
2125,0.03,0.37
2126,0.01,0.37
2127,0.06,0.37
2128,0.04,0.37
2129,0.05,0.37
2130,0.05,0.37
2131,0.03,0.37
2132,0.05,0.38
2133,0.05,0.37
2134,0.06,0.38
2135,0.05,0.38
2136,0.04,0.37
2137,0.04,0.38
2138,0.04,0.38
2139,0.07,0.39
2140,0.03,0.38
2141,0.05,0.37
2142,0.03,0.38
2143,0.07,0.38
2144,0.07,0.38
2145,0.1,0.37
2146,0.06,0.38
2147,0.04,0.37
2148,0.02,0.38
2149,0.03,0.37
2150,0.03,0.37
2151,0.03,0.38
2152,0.02,0.38
2153,0.04,0.38
2154,0.05,0.38
2155,0.07,0.37
2156,0.07,0.38
2157,0.11,0.38
2158,0.07,0.38
2159,0.05,0.38
2160,0.06,0.38
2161,0.05,0.37
2162,0.04,0.38
2163,0.04,0.37
2164,0.03,0.38
2165,0.03,0.38
2166,0.04,0.38
2167,0.04,0.37
2168,0.06,0.38
2169,0.05,0.38
2170,0.07,0.38
2171,0.06,0.38
2172,0.05,0.38
2173,0.07,0.38
2174,0.03,0.37
2175,0.02,0.37
2176,0.03,0.38
2177,0.03,0.37
2178,0.02,0.38
2179,0.04,0.37
2180,0.04,0.38
2181,0.05,0.37
2182,0.03,0.38
2183,0.08,0.37
2184,0.06,0.38
2185,0.06,0.38
2186,0.09,0.38
2187,0.06,0.37
2188,0.04,0.38
2189,0.03,0.38
2190,0.04,0.39
2191,0.04,0.37
2192,0.04,0.39
2193,0.06,0.38
2194,0.05,0.38
2195,0.07,0.37
2196,0.02,0.37
2197,0.05,0.37
2198,0.08,0.38
2199,0.07,0.37
2200,0.03,0.38
2201,0.02,0.37
2202,0.02,0.38
2203,0.05,0.37
2204,0.04,0.38
2205,0.05,0.37
2206,0.03,0.38
2207,0.06,0.37
2208,0.06,0.38
2209,0.05,0.37
2210,0.04,0.38
2211,0.03,0.37
2212,0.06,0.38
2213,0.08,0.37
2214,0.04,0.38
2215,0.08,0.37
2216,0.03,0.38
2217,0.04,0.37
2218,0.04,0.38
2219,0.04,0.38
2220,0.04,0.37
2221,0.03,0.37
2222,0.05,0.38
2223,0.03,0.37
2224,0.02,0.38
2225,0.05,0.37
2226,0.04,0.38
2227,0.06,0.37
2228,0.06,0.38
2229,0.09,0.37
2230,0.08,0.38
2231,0.09,0.37
2232,0.03,0.38
2233,0.04,0.37
2234,0.04,0.37
2235,0.03,0.37
2236,0.03,0.38
2237,0.07,0.37
2238,0.06,0.38
2239,0.05,0.38
2240,0.06,0.38
2241,0.07,0.37
2242,0.05,0.38
2243,0.05,0.39
2244,0.07,0.38
2245,0.05,0.37
2246,0.04,0.38
2247,0.06,0.37
2248,0.05,0.38
2249,0.04,0.37
2250,0.02,0.37
2251,0.04,0.37
2252,0.02,0.38
2253,0.05,0.37
2254,0.05,0.37
2255,0.06,0.37
2256,0.06,0.37
2257,0.06,0.37
2258,0.05,0.38
2259,0.08,0.37
2260,0.03,0.37
2261,0.03,0.37
2262,0.03,0.38
2263,0.04,0.37
2264,0.05,0.38
2265,0.08,0.38
2266,0.05,0.37
2267,0.11,0.38
2268,0.05,0.38
2269,0.07,0.38
2270,0.08,0.37
2271,0.04,0.37
2272,0.06,0.37
2273,0.06,0.38
2274,0.03,0.37
2275,0.07,0.37
2276,0.04,0.37
2277,0.04,0.37
2278,0.05,0.38
2279,0.05,0.37
2280,0.04,0.37
2281,0.04,0.37
2282,0.06,0.37
2283,0.03,0.38
2284,0.07,0.37
2285,0.06,0.38
2286,0.04,0.38
2287,0.06,0.37
2288,0.05,0.38
2289,0.04,0.37
2290,0.03,0.37
2291,0.05,0.38
2292,0.05,0.37
2293,0.04,0.37
2294,0.04,0.38
2295,0.05,0.38
2296,0.04,0.38
2297,0.05,0.39
2298,0.05,0.37
2299,0.03,0.37
2300,0.03,0.37
2301,0.04,0.37
2302,0.04,0.38
2303,0.02,0.37
2304,0.06,0.37
2305,0.05,0.38
2306,0.04,0.37
2307,0.05,0.37
2308,0.04,0.37
2309,0.04,0.37
2310,0.03,0.38
2311,0.06,0.37
2312,0.06,0.37
2313,0.06,0.38
2314,0.04,0.37
2315,0.08,0.37
2316,0.03,0.37
2317,0.03,0.37
2318,0.08,0.37
2319,0.03,0.37
2320,0.03,0.37
2321,0.04,0.37
2322,0.04,0.38
2323,0.03,0.37
2324,0.04,0.38
2325,0.08,0.37
2326,0.06,0.37
2327,0.06,0.37
2328,0.09,0.37
2329,0.03,0.37
2330,0.03,0.38
2331,0.04,0.37
2332,0.04,0.37
2333,0.04,0.38
2334,0.03,0.38
2335,0.03,0.37
2336,0.03,0.37
2337,0.04,0.37
2338,0.1,0.37
2339,0.03,0.37
2340,0.11,0.37
2341,0.07,0.37
2342,0.03,0.37
2343,0.03,0.37
2344,0.02,0.37
2345,0.03,0.37
2346,0.04,0.37
2347,0.03,0.38
2348,0.04,0.37
2349,0.03,0.39
2350,0.05,0.38
2351,0.05,0.37
2352,0.04,0.37
2353,0.03,0.38
2354,0.08,0.37
2355,0.03,0.37
2356,0.02,0.37
2357,0.06,0.38
2358,0.03,0.37
2359,0.03,0.37
2360,0.03,0.37
2361,0.04,0.37
2362,0.02,0.37
2363,0.05,0.37
2364,0.06,0.37
2365,0.03,0.37
2366,0.08,0.37
2367,0.06,0.37
2368,0.07,0.37
2369,0.06,0.37
2370,0.03,0.37
2371,0.04,0.37
2372,0.03,0.37
2373,0.04,0.37
2374,0.03,0.37
2375,0.02,0.38
2376,0.04,0.37
2377,0.03,0.37
2378,0.05,0.38
2379,0.03,0.38
2380,0.05,0.37
2381,0.02,0.37
2382,0.06,0.37
2383,0.03,0.37
2384,0.05,0.38
2385,0.04,0.38
2386,0.04,0.37
2387,0.06,0.38
2388,0.04,0.37
2389,0.05,0.37
2390,0.04,0.37
2391,0.06,0.37
2392,0.06,0.37
2393,0.05,0.37
2394,0.1,0.38
2395,0.07,0.37
2396,0.03,0.38
2397,0.05,0.37
2398,0.04,0.37
2399,0.03,0.37
2400,0.02,0.38
2401,0.04,0.39
2402,0.05,0.38
2403,0.07,0.37
2404,0.05,0.37
2405,0.1,0.37
2406,0.07,0.37
2407,0.08,0.37
2408,0.09,0.38
2409,0.05,0.37
2410,0.07,0.38
2411,0.09,0.37
2412,0.06,0.37
2413,0.05,0.37
2414,0.06,0.37
2415,0.07,0.37
2416,0.08,0.37
2417,0.06,0.37
2418,0.16,0.38
2419,0.73,0.38
2420,0.33,0.19
2421,0.38,0.17
2422,0.36,0.16
2423,0.36,0.17
2424,0.32,0.16
2425,0.31,0.17
2426,0.31,0.19
2427,0.3,0.17
2428,0.27,0.16
2429,0.31,0.16
2430,0.33,0.17
2431,0.33,0.18
2432,0.29,0.16
2433,0.32,0.16
2434,0.29,0.18
2435,0.34,0.16
2436,0.34,0.15
2437,0.33,0.18
2438,0.33,0.16
2439,0.31,0.15
2440,0.28,0.15
2441,0.31,0.17
2442,0.31,0.16
2443,0.31,0.17
2444,0.33,0.19
2445,0.3,0.18
2446,0.36,0.15
2447,0.32,0.17
2448,0.35,0.16
2449,0.37,0.19
2450,0.32,0.16
2451,0.32,0.17
2452,0.3,0.18
2453,0.29,0.15
2454,0.29,0.15
2455,0.31,0.16
2456,0.29,0.16
2457,0.31,0.17
2458,0.29,0.16
2459,0.29,0.17
2460,0.29,0.17
2461,0.34,0.15
2462,0.31,0.17
2463,0.34,0.16
2464,0.34,0.17
2465,0.31,0.17
2466,0.29,0.17
2467,0.3,0.17
2468,0.28,0.17
2469,0.29,0.17
2470,0.3,0.17
2471,0.31,0.16
2472,0.29,0.16
2473,0.28,0.16
2474,0.34,0.17
2475,0.34,0.15
2476,0.29,0.15
2477,0.32,0.16
2478,0.3,0.18
2479,0.34,0.18
2480,0.29,0.16
2481,0.3,0.16
2482,0.29,0.18
2483,0.29,0.16
2484,0.29,0.2
2485,0.29,0.16
2486,0.3,0.15
2487,0.29,0.16
2488,0.29,0.16
2489,0.36,0.16
2490,0.32,0.16
2491,0.32,0.16
2492,0.35,0.17
2493,0.29,0.17
2494,0.29,0.17
2495,0.32,0.16
2496,0.29,0.18
2497,0.32,0.17
2498,0.32,0.18
2499,0.3,0.15
2500,0.3,0.16
2501,0.29,0.17
2502,0.36,0.17
2503,0.33,0.3
2504,0.06,0.41
2505,0.07,0.4
2506,0.05,0.4
2507,0.05,0.41
2508,0.06,0.41
2509,0.04,0.41
2510,0.03,0.24
2511,0.05,0.41
2512,0.04,0.44
2513,0.07,0.41
2514,0.05,0.16
2515,0.07,0.78
2516,0.08,0.44
2517,0.11,0.4
2518,0.12,0.24
2519,0.09,0.2
2520,0.09,0.4
2521,0.06,0.41
2522,0.05,0.4
2523,0.04,0.28
2524,0.05,0.17
2525,0.07,0.2
2526,0.07,0.2
2527,0.07,0.4
2528,0.03,0.4
2529,0.07,0.41
2530,0.05,0.16
2531,0.07,0.24
2532,0.1,0.27
2533,0.09,0.21
2534,0.22,0.16
2535,0.06,0.36
2536,0.03,0.41
2537,0.04,0.4
2538,0.04,0.41
2539,0.06,0.41
2540,0.06,0.17
2541,0.06,0.16
2542,0.05,0.21
2543,0.06,0.16
2544,0.05,0.28
2545,0.08,0.16
2546,0.08,0.17
2547,0.07,0.16
2548,0.06,0.19
2549,0.05,0.18
2550,0.07,0.37
2551,0.05,0.44
2552,0.03,0.37
2553,0.06,0.42
2554,0.04,0.37
2555,0.06,0.37
2556,0.1,0.37
2557,0.08,0.38
2558,0.06,0.37
2559,0.11,0.37
2560,0.05,0.37
2561,0.06,0.37
2562,0.05,0.37
2563,0.05,0.37
2564,0.04,0.38
2565,0.12,0.37
2566,0.36,0.48
2567,0.36,0.17
2568,0.32,0.17
2569,0.34,0.33
2570,0.3,0.44
2571,0.12,0.41
2572,0.1,0.41
2573,0.04,0.4
2574,0.06,0.4
2575,0.05,0.4
2576,0.08,0.15
2577,0.06,0.41
2578,0.07,0.4
2579,0.06,0.4
2580,0.06,0.16
2581,0.05,0.4
2582,0.05,0.4
2583,0.06,0.4
2584,0.06,0.23
2585,0.05,0.15
2586,0.07,0.39
2587,0.04,0.4
2588,0.09,0.4
2589,0.07,0.16
2590,0.06,0.16
2591,0.06,0.18
2592,0.05,0.4
2593,0.04,0.41
2594,0.06,0.4
2595,0.06,0.17
2596,0.08,0.18
2597,0.06,0.2
2598,0.07,0.18
2599,0.09,0.19
2600,0.1,0.2
2601,0.07,0.42
2602,0.06,0.41
2603,0.07,0.4
2604,0.05,0.41
2605,0.06,0.17
2606,0.06,0.18
2607,0.06,0.15
2608,0.04,0.16
2609,0.06,0.16
2610,0.05,0.17
2611,0.05,0.17
2612,0.06,0.17
2613,0.05,0.15
2614,0.06,0.18
2615,0.07,0.38
2616,0.1,0.37
2617,0.06,0.38
2618,0.07,0.37
2619,0.04,0.37
2620,0.03,0.38
2621,0.09,0.38
2622,0.04,0.38
2623,0.03,0.37
2624,0.05,0.38
2625,0.06,0.38
2626,0.06,0.37
2627,0.05,0.38
2628,0.07,0.37
2629,0.08,0.38
2630,0.06,0.37
2631,0.12,0.37
2632,0.04,0.37
2633,0.05,0.38
2634,0.04,0.37
2635,0.05,0.38
2636,0.05,0.38
2637,0.04,0.37
2638,0.07,0.38
2639,0.04,0.37
2640,0.05,0.38
2641,0.09,0.37
2642,0.43,0.38
2643,0.04,0.37
2644,0.12,0.37
2645,0.06,0.38
2646,0.08,0.38
2647,0.05,0.37
2648,0.05,0.37
2649,0.04,0.38
2650,0.04,0.37
2651,0.07,0.39
2652,0.04,0.39
2653,0.06,0.37
2654,0.1,0.37
2655,0.05,0.38
2656,0.12,0.37
2657,0.06,0.37
2658,0.04,0.37
2659,0.08,0.37
2660,0.04,0.38
2661,0.07,0.37
2662,0.06,0.37
2663,0.05,0.37
2664,0.05,0.37
2665,0.06,0.37
2666,0.06,0.38
2667,0.06,0.37
2668,0.05,0.37
2669,0.09,0.37
2670,0.1,0.37
2671,0.08,0.37
2672,0.08,0.37
2673,0.05,0.37
2674,0.03,0.37
2675,0.06,0.37
2676,0.07,0.37
2677,0.07,0.37
2678,0.05,0.37
2679,0.05,0.37
2680,0.06,0.37
2681,0.07,0.37
2682,0.05,0.38
2683,0.05,0.37
2684,0.11,0.37
2685,0.09,0.37
2686,0.05,0.37
2687,0.1,0.38
2688,0.09,0.37
2689,0.05,0.38
2690,0.06,0.37
2691,0.04,0.37
2692,0.05,0.38
2693,0.05,0.37
2694,0.05,0.38
2695,0.06,0.37
2696,0.07,0.37
2697,0.1,0.37
2698,0.1,0.37
2699,0.06,0.37
2700,0.07,0.38
2701,0.06,0.37
2702,0.05,0.38
2703,0.05,0.37
2704,0.04,0.37
2705,0.03,0.38
2706,0.05,0.37
2707,0.05,0.37
2708,0.06,0.37
2709,0.06,0.37
2710,0.06,0.37
2711,0.08,0.38
2712,0.06,0.37
2713,0.07,0.37
2714,0.04,0.37
2715,0.1,0.38
2716,0.05,0.37
2717,0.08,0.37
2718,0.04,0.37
2719,0.03,0.37
2720,0.05,0.38
2721,0.03,0.37
2722,0.05,0.37
2723,0.1,0.37
2724,0.1,0.38
2725,0.07,0.38
2726,0.1,0.37
2727,0.06,0.37
2728,0.07,0.37
2729,0.08,0.37
2730,0.05,0.38
2731,0.06,0.37
2732,0.06,0.37
2733,0.04,0.37
2734,0.05,0.37
2735,0.05,0.37
2736,0.09,0.37
2737,0.08,0.38
2738,0.1,0.37
2739,0.11,0.37
2740,0.05,0.37
2741,0.08,0.37
2742,0.04,0.37
2743,0.05,0.37
2744,0.06,0.37
2745,0.03,0.37
2746,0.05,0.37
2747,0.09,0.37
2748,0.07,0.37
2749,0.07,0.37
2750,0.05,0.38
2751,0.07,0.37
2752,0.07,0.39
2753,0.05,0.37
2754,0.08,0.37
2755,0.03,0.37
2756,0.05,0.37
2757,0.04,0.37
2758,0.04,0.37
2759,0.06,0.37
2760,0.05,0.38
2761,0.07,0.37
2762,0.04,0.37
2763,0.03,0.37
2764,0.08,0.37
2765,0.06,0.37
2766,0.09,0.37
2767,0.09,0.37
2768,0.05,0.37
2769,0.07,0.37
2770,0.04,0.37
2771,0.07,0.38
2772,0.06,0.37
2773,0.07,0.38
2774,0.04,0.37
2775,0.05,0.38
2776,0.03,0.37
2777,0.07,0.37
2778,0.07,0.37
2779,0.05,0.37
2780,0.06,0.38
2781,0.06,0.37
2782,0.07,0.38
2783,0.05,0.37
2784,0.05,0.37
2785,0.06,0.38
2786,0.05,0.38
2787,0.07,0.37
2788,0.05,0.37
2789,0.04,0.38
2790,0.08,0.37
2791,0.06,0.38
2792,0.11,0.38
2793,0.09,0.37
2794,0.08,0.38
2795,0.06,0.37
2796,0.05,0.37
2797,0.08,0.37
2798,0.04,0.37
2799,0.06,0.37
2800,0.2,0.37
2801,0.06,0.37
2802,0.09,0.38
2803,0.07,0.37
2804,0.04,0.37
2805,0.07,0.38
2806,0.07,0.37
2807,0.08,0.38
2808,0.07,0.37
2809,0.04,0.37
2810,0.08,0.37
2811,0.09,0.38
2812,0.08,0.37
2813,0.07,0.38
2814,0.07,0.37
2815,0.04,0.38
2816,0.09,0.37
2817,0.05,0.37
2818,0.08,0.37
2819,0.05,0.38
2820,0.09,0.38
2821,0.08,0.37
2822,0.05,0.38
2823,0.06,0.38
2824,0.05,0.37
2825,0.08,0.38
2826,0.06,0.37
2827,0.03,0.38
2828,0.05,0.37
2829,0.06,0.38
2830,0.07,0.38
2831,0.07,0.38
2832,0.08,0.38
2833,0.1,0.52
2834,0.07,0.38
2835,0.07,0.38
2836,0.09,0.38
2837,0.08,0.38
2838,0.07,0.37
2839,0.05,0.38
2840,0.05,0.38
2841,0.06,0.38
2842,0.06,0.37
2843,0.08,0.38
2844,0.05,0.37
2845,0.07,0.38
2846,0.11,0.37
2847,0.04,0.38
2848,0.05,0.37
2849,0.08,0.38
2850,0.02,0.37
2851,0.07,0.38
2852,0.06,0.38
2853,0.05,0.38
2854,0.05,0.44
2855,0.07,0.39
2856,0.08,0.38
2857,0.06,0.38
2858,0.11,0.37
2859,0.06,0.38
2860,0.06,0.37
2861,0.06,0.38
2862,0.04,0.37
2863,0.04,0.42
2864,0.09,0.38
2865,0.03,0.38
2866,0.07,0.37
2867,0.05,0.38
2868,0.05,0.38
2869,0.04,0.38
2870,0.05,0.37
2871,0.07,0.43
2872,0.04,0.41
2873,0.04,0.41
2874,0.11,0.37
2875,0.05,0.38
2876,0.07,0.38
2877,0.08,0.37
2878,0.06,0.38
2879,0.08,0.38
2880,0.07,0.37
2881,0.07,0.38
2882,0.06,0.37
2883,0.08,0.42
2884,0.05,0.37
2885,0.05,0.38
2886,0.07,0.38
2887,0.07,0.38
2888,0.06,0.41
2889,0.04,0.38
2890,0.09,0.41
2891,0.05,0.41
2892,0.05,0.42
2893,0.06,0.39
2894,0.04,0.38
2895,0.04,0.37
2896,0.08,0.37
2897,0.08,0.37
2898,0.06,0.38
2899,0.06,0.38
2900,0.04,0.37
2901,0.04,0.37
2902,0.09,0.37
2903,0.07,0.38
2904,0.07,0.37
2905,0.08,0.45
2906,0.06,0.37
2907,0.05,0.38
2908,0.05,0.37
2909,0.06,0.37
2910,0.06,0.39
2911,0.06,0.37
2912,0.05,0.38
2913,0.05,0.41
2914,0.06,0.38
2915,0.06,0.38
2916,0.05,0.37
2917,0.07,0.37
2918,0.1,0.38
2919,0.04,0.38
2920,0.06,0.37
2921,0.05,0.38
2922,0.05,0.54
2923,0.08,0.38
2924,0.05,0.37
2925,0.08,0.38
2926,0.06,0.41
2927,0.05,0.38
2928,0.09,0.37
2929,0.04,0.37
2930,0.08,0.37
2931,0.04,0.37
2932,0.09,0.38
2933,0.1,0.37
2934,0.07,0.37
2935,0.08,0.38
2936,0.08,0.38
2937,0.05,0.37
2938,0.08,0.38
2939,0.08,0.38
2940,0.04,0.38
2941,0.06,0.37
2942,0.08,0.37
2943,0.12,0.37
2944,0.06,0.38
2945,0.06,0.37
2946,0.09,0.37
2947,0.06,0.41
2948,0.09,0.37
2949,0.06,0.38
2950,0.09,0.38
2951,0.05,0.37
2952,0.07,0.38
2953,0.04,0.37
2954,0.1,0.37
2955,0.07,0.37
2956,0.08,0.38
2957,0.04,0.47
2958,0.12,0.38
2959,0.06,0.37
2960,0.09,0.38
2961,0.1,0.38
2962,0.07,0.39
2963,0.04,0.38
2964,0.05,0.38
2965,0.03,0.37
2966,0.1,0.38
2967,0.06,0.38
2968,0.06,0.37
2969,0.05,0.38
2970,0.09,0.37
2971,0.07,0.38
2972,0.07,0.37
2973,0.06,0.37
2974,0.1,0.38
2975,0.04,0.38
2976,0.1,0.37
2977,0.05,0.38
2978,0.1,0.38
2979,0.06,0.37
2980,0.07,0.37
2981,0.05,0.38
2982,0.05,0.37
2983,0.04,0.44
2984,0.09,0.38
2985,0.06,0.38
2986,0.42,0.38
2987,0.37,0.31
2988,0.37,0.26
2989,0.36,0.2
2990,0.35,0.18
2991,0.32,0.21
2992,0.32,0.18
2993,0.31,0.18
2994,0.35,0.17
2995,0.32,0.19
2996,0.34,0.18
2997,0.32,0.17
2998,0.34,0.17
2999,0.35,0.17
3000,0.37,0.16
3001,0.32,0.17
3002,0.4,0.18
3003,0.32,0.26
3004,0.38,0.17
3005,0.32,0.16
3006,0.36,0.17
3007,0.33,0.2
3008,0.35,0.17
3009,0.32,0.2
3010,0.39,0.18
3011,0.32,0.17
3012,0.32,0.16
3013,0.34,0.18
3014,0.33,0.2
3015,0.38,0.17
3016,0.34,0.19
3017,0.31,0.16
3018,0.32,0.2
3019,0.34,0.16
3020,0.34,0.2
3021,0.33,0.17
3022,0.35,0.16
3023,0.31,0.17
3024,0.33,0.2
3025,0.35,0.16
3026,0.37,0.17
3027,0.3,0.16
3028,0.38,0.16
3029,0.31,0.25
3030,0.35,0.17
3031,0.32,0.17
3032,0.33,0.16
3033,0.33,0.18
3034,0.34,0.17
3035,0.31,0.17
3036,0.33,0.16
3037,0.29,0.16
3038,0.41,0.16
3039,0.33,0.19
3040,0.33,0.2
3041,0.37,0.23
3042,0.38,0.2
3043,0.34,0.18
3044,0.38,0.23
3045,0.33,0.16
3046,0.36,0.17
3047,0.32,0.2
3048,0.34,0.17
3049,0.34,0.2
3050,0.39,0.19
3051,0.37,0.16
3052,0.33,0.17
3053,0.3,0.16
3054,0.37,0.22
3055,0.3,0.17
3056,0.39,0.16
3057,0.31,0.17
3058,0.34,0.2
3059,0.31,0.17
3060,0.4,0.18
3061,0.32,0.2
3062,0.35,0.19
3063,0.36,0.16
3064,0.35,0.16
3065,0.38,0.16
3066,0.36,0.16
3067,0.31,0.17
3068,0.38,0.19
3069,0.33,0.17
3070,0.39,0.16
3071,0.3,0.17
3072,0.35,0.17
3073,0.3,0.16
3074,0.34,0.16
3075,0.31,0.17
3076,0.36,0.16
3077,0.32,0.2
3078,0.39,0.37
3079,0.11,0.46
3080,0.09,0.41
3081,0.08,0.41
3082,0.07,0.42
3083,0.11,0.42
3084,0.11,0.45
3085,0.06,0.42
3086,0.09,0.41
3087,0.07,0.45
3088,0.06,0.48
3089,0.05,0.41
3090,0.05,0.29
3091,0.11,0.42
3092,0.1,0.42
3093,0.04,0.41
3094,0.12,0.42
3095,0.06,0.45
3096,0.16,0.41
3097,0.04,0.42
3098,0.06,0.41
3099,0.1,0.42
3100,0.1,0.42
3101,0.04,0.42
3102,0.06,0.41
3103,0.07,0.42
3104,0.07,0.41
3105,0.09,0.42
3106,0.08,0.41
3107,0.07,0.42
3108,0.12,0.41
3109,0.06,0.41
3110,0.13,0.38
3111,0.06,0.42
3112,0.07,0.41
3113,0.05,0.45
3114,0.06,0.41
3115,0.06,0.42
3116,0.45,0.43
3117,0.07,0.42
3118,0.11,0.46
3119,0.07,0.42
3120,0.07,0.41
3121,0.06,0.41
3122,0.13,0.4
3123,0.06,0.45
3124,0.11,0.45
3125,0.1,0.45
3126,0.13,0.41
3127,0.06,0.41
3128,0.14,0.45
3129,0.07,0.41
3130,0.08,0.41
3131,0.06,0.4
3132,0.08,0.41
3133,0.05,0.4
3134,0.09,0.41
3135,0.06,0.41
3136,0.11,0.41
3137,0.11,0.41
3138,0.06,0.4
3139,0.07,0.41
3140,0.07,0.41
3141,0.11,0.45
3142,0.08,0.41
3143,0.1,0.42
3144,0.08,0.4
3145,0.09,0.41
3146,0.09,0.41
3147,0.07,0.41
3148,0.1,0.41
3149,0.06,0.41
3150,0.08,0.41
3151,0.1,0.41
3152,0.08,0.42
3153,0.1,0.41
3154,0.06,0.44
3155,0.07,0.41
3156,0.05,0.41
3157,0.06,0.42
3158,0.06,0.41
3159,0.05,0.41
3160,0.06,0.45
3161,0.06,0.41
3162,0.08,0.41
3163,0.05,0.41
3164,0.07,0.43
3165,0.06,0.4
3166,0.09,0.4
3167,0.07,0.42
3168,0.07,0.44
3169,0.09,0.41
3170,0.06,0.41
3171,0.07,0.41
3172,0.05,0.41
3173,0.1,0.41
3174,0.08,0.41
3175,0.1,0.42
3176,0.03,0.41
3177,0.07,0.41
3178,0.07,0.41
3179,0.04,0.42
3180,0.04,0.41
3181,0.09,0.41
3182,0.04,0.41
3183,0.04,0.41
3184,0.07,0.45
3185,0.04,0.41
3186,0.08,0.42
3187,0.05,0.41
3188,0.09,0.41
3189,0.05,0.45
3190,0.08,0.4
3191,0.03,0.41
3192,0.06,0.41
3193,0.03,0.41
3194,0.06,0.41
3195,0.06,0.41
3196,0.06,0.41
3197,0.05,0.42
3198,0.04,0.41
3199,0.06,0.41
3200,0.07,0.41
3201,0.06,0.41
3202,0.04,0.42
3203,0.09,0.41
3204,0.04,0.41
3205,0.04,0.42
3206,0.06,0.41
3207,0.05,0.42
3208,0.05,0.41
3209,0.04,0.41
3210,0.04,0.41
3211,0.27,0.41
3212,0.09,0.42
3213,0.12,0.41
3214,0.01,0.41
3215,0.02,0.41
3216,0.18,0.41
3217,0.24,0.41
3218,0.2,0.41
3219,0.19,0.42
3220,0.47,0.28
3221,0.42,0.17
3222,0.45,0.19
3223,0.42,0.16
3224,0.31,0.19
3225,0.31,0.18
3226,0.3,0.17
3227,0.32,0.19
3228,0.31,0.2
3229,0.36,0.16
3230,0.3,0.15
3231,0.42,0.3
3232,0.28,0.44
3233,0.08,0.41
3234,0.05,0.41
3235,0.05,0.41
3236,0.14,0.42
3237,0.04,0.41
3238,0.1,0.41
3239,0.05,0.41
3240,0.06,0.41
3241,0.06,0.4
3242,0.07,0.41
3243,0.04,0.41
3244,0.04,0.42
3245,0.1,0.41
3246,0.04,0.42
3247,0.04,0.41
3248,0.03,0.41
3249,0.03,0.41
3250,0.03,0.42
3251,0.04,0.41
3252,0.01,0.41
3253,0.36,0.46
3254,0.62,0.71
3255,0.62,0.38
3256,0.36,0.18
3257,0.35,0.18
3258,0.37,0.17
3259,0.36,0.17
3260,0.37,0.18
3261,0.88,0.38
3262,0.48,0.43
3263,0.63,0.44
3264,0.35,0.44
3265,0.35,0.17
3266,0.31,0.16
3267,0.52,0.16
3268,0.34,0.16
3269,0.44,0.17
3270,0.56,0.17
3271,0.96,0.34
3272,0.57,0.42
3273,0.36,0.45
3274,0.4,0.45
3275,0.72,0.34
3276,0.36,0.45
3277,0.77,0.48
3278,0.38,0.45
3279,0.35,0.48
3280,0.31,0.52
3281,0.05,0.41
3282,0.05,0.41
3283,0.03,0.41
3284,0.61,0.41
3285,0.38,0.41
3286,0.62,0.42
3287,0.57,0.42
3288,0.87,0.38
3289,0.84,0.38
3290,0.83,0.41
3291,0.73,0.41
3292,0.23,0.43
3293,0.2,0.4
3294,0.55,0.41
3295,1,0.22
3296,0.9,0.38
3297,0.45,0.41
3298,0.62,0.42
3299,0.5,0.43
3300,0.83,0.41
3301,0.7,0.18
3302,0.74,0.83
3303,0.26,0.42
3304,0.74,0.4
3305,0.75,0.16
3306,0.74,0.41
3307,0.32,0.41
3308,0.76,0.41
3309,0.71,0.17
3310,0.75,0.4
3311,0.33,0.41
3312,0.78,0.41
3313,0.71,0.19
3314,0.74,0.42
3315,0.31,0.42
3316,0.75,0.41
3317,0.51,0.24
3318,0.48,0.16
3319,0.48,0.17
3320,0.51,0.17
3321,0.48,0.17
3322,0.34,0.21
3323,0.5,0.16
3324,0.42,0.18
3325,0.53,0.16
3326,0.44,0.17
3327,0.64,0.15
3328,0.38,0.17
3329,0.32,0.16
3330,0.34,0.41
3331,0.03,0.41
3332,0.05,0.46
3333,0.02,0.41
3334,0.02,0.41
3335,0.02,0.41
3336,0.51,0.41
3337,0.29,0.46
3338,0.93,0.45
3339,0.73,0.18
3340,0.73,0.42
3341,0.33,0.42
3342,0.74,0.42
3343,0.74,0.19
3344,0.74,0.44
3345,0.34,0.46
3346,0.62,0.42
3347,0.52,0.21
3348,0.8,0.48
3349,0.33,0.42
3350,0.78,0.41
3351,0.71,0.25
3352,0.86,0.6
3353,0.73,0.41
3354,0.72,0.41
3355,0.72,0.15
3356,0.74,0.63
3357,0.32,0.42
3358,0.48,0.41
3359,0.31,0.42
3360,0.77,0.41
3361,0.71,0.16
3362,0.89,0.41
3363,0.29,0.41
3364,0.7,0.41
3365,0.7,0.18
3366,0.68,0.42
3367,0.3,0.44
3368,0.83,0.49
3369,0.71,0.16
3370,0.82,0.5
3371,0.43,0.42
3372,0.7,0.42
3373,0.75,0.21
3374,0.7,0.42
3375,0.34,0.41
3376,0.71,0.42
3377,0.7,0.17
3378,0.7,0.16
3379,0.72,0.17
3380,0.73,0.67
3381,0.4,0.42
3382,0.75,0.46
3383,0.86,0.2
3384,0.88,0.41
3385,0.4,0.41
3386,0.15,0.42
3387,0.05,0.42
3388,0.19,0.42
3389,0.08,0.41
3390,0.12,0.42
3391,0.03,0.41
3392,0.14,0.45
3393,0.04,0.44
3394,0.08,0.42
3395,0.04,0.41
3396,0.38,0.46
3397,0.56,0.21
3398,0.47,0.21
3399,0.43,0.16
3400,0.44,0.19
3401,0.32,0.2
3402,0.41,0.19
3403,0.3,0.16
3404,0.35,0.19
3405,0.31,0.17
3406,0.34,0.19
3407,0.36,0.16
3408,0.35,0.43
3409,0.13,0.4
3410,0.39,0.42
3411,0.3,0.17
3412,0.32,0.18
3413,0.31,0.16
3414,0.49,0.19
3415,0.31,0.16
3416,0.43,0.16
3417,0.35,0.16
3418,0.38,0.17
3419,0.32,0.16
3420,0.36,0.19
3421,0.29,0.19
3422,0.33,0.16
3423,0.31,0.16
3424,0.35,0.17
3425,0.29,0.16
3426,0.32,0.19
3427,0.32,0.16
3428,0.31,0.18
3429,0.31,0.17
3430,0.29,0.17
3431,0.32,0.16
3432,0.29,0.17
3433,0.3,0.18
3434,0.29,0.19
3435,0.32,0.17
3436,0.29,0.16
3437,0.33,0.19
3438,0.29,0.17
3439,0.32,0.18
3440,0.32,0.16
3441,0.33,0.17
3442,0.32,0.2
3443,0.32,0.17
3444,0.29,0.17
3445,0.32,0.17
3446,0.3,0.17
3447,0.31,0.16
3448,0.31,0.16
3449,0.3,0.17
3450,0.34,0.16
3451,0.33,0.16
3452,0.33,0.22
3453,0.31,0.17
3454,0.3,0.18
3455,0.31,0.16
3456,0.32,0.16
3457,0.31,0.19
3458,0.34,0.17
3459,0.3,0.17
3460,0.3,0.16
3461,0.33,0.17
3462,0.32,0.17
3463,0.33,0.16
3464,0.3,0.18
3465,0.33,0.16
3466,0.28,0.17
3467,0.29,0.16
3468,0.54,0.16
3469,0.29,0.16
3470,0.52,0.17
3471,0.3,0.17
3472,0.43,0.17
3473,0.32,0.16
3474,0.33,0.19
3475,0.29,0.2
3476,0.32,0.16
3477,0.31,0.16
3478,0.31,0.17
3479,0.31,0.16
3480,0.3,0.19
3481,0.29,0.17
3482,0.32,0.16
3483,0.28,0.17
3484,0.3,0.19
3485,0.32,0.17
3486,0.31,0.17
3487,0.29,0.17
3488,0.72,0.17
3489,0.33,0.16
3490,0.49,0.19
3491,0.36,0.2
3492,0.28,0.19
3493,0.35,0.18
3494,0.3,0.18
3495,0.31,0.16
3496,0.3,0.16
3497,0.31,0.16
3498,0.44,0.18
3499,0.41,0.17
3500,0.36,0.2
3501,0.57,0.18
3502,0.34,0.17
3503,0.32,0.19
3504,0.33,0.19
3505,0.33,0.17
3506,0.34,0.2
3507,0.33,0.16
3508,0.31,0.17
3509,0.31,0.2
3510,0.31,0.16
3511,0.33,0.16
3512,0.53,0.17
3513,0.42,0.16
3514,0.47,0.31
3515,0.1,0.38
3516,0.07,0.42
3517,0.06,0.41
3518,0.13,0.43
3519,0.08,0.41
3520,0.05,0.41
3521,0.05,0.41
3522,0.05,0.41
3523,0.18,0.41
3524,0.14,0.5
3525,0.49,0.64
3526,0.31,0.31
3527,0.31,0.17
3528,0.32,0.17
3529,0.34,0.18
3530,0.43,0.18
3531,0.46,0.18
3532,0.34,0.16
3533,0.34,0.16
3534,0.51,0.45
3535,0.09,0.48
3536,0.22,0.41
3537,0.09,0.52
3538,0.05,0.41
3539,0.07,0.41
3540,0.08,0.43
3541,0.32,0.93
3542,0.33,0.23
3543,0.21,0.45
3544,0.16,0.41
3545,0.16,0.41
3546,0.08,0.41
3547,0.2,0.41
3548,0.06,0.44
3549,0.12,0.41
3550,0.03,0.41
3551,0.06,0.42
3552,0.08,0.41
3553,0.08,0.42
3554,0.15,0.42
3555,0.31,0.51
3556,0.65,0.3
3557,0.74,0.45
3558,0.92,0.41
3559,0.73,0.44
3560,0.54,0.45
3561,0.77,0.86
3562,0.58,0.25
3563,0.48,0.44
3564,0.26,0.41
3565,0.8,0.34
3566,0.55,0.2
3567,0.63,0.17
3568,0.58,0.17
3569,0.57,0.18
3570,0.68,0.19
3571,0.64,0.18
3572,0.62,0.16
3573,0.4,0.25
3574,0.33,0.19
3575,0.7,0.21
3576,0.68,0.21
3577,0.62,0.18
3578,0.58,0.16
3579,0.61,0.17
3580,0.59,0.16
3581,0.64,0.16
3582,0.62,0.18
3583,0.53,0.16
3584,0.55,0.18
3585,0.59,0.15
3586,0.57,0.16
3587,0.78,0.16
3588,0.6,0.17
3589,0.57,0.17
3590,0.53,0.2
3591,0.6,0.22
3592,0.64,0.16
3593,0.58,0.17
3594,0.6,0.16
3595,0.57,0.16
3596,0.58,0.18
3597,0.59,0.16
3598,0.54,0.18
3599,0.55,0.18
3600,0.36,0.38
3601,0.51,0.41
3602,0.03,0.41
3603,0.04,0.41
3604,0.5,0.42
3605,0.55,0.61
3606,0.55,0.16
3607,0.53,0.2
3608,0.56,0.19
3609,0.7,0.2
3610,0.58,0.39
3611,0.55,0.42
3612,0.24,0.45
3613,0.54,0.5
3614,0.52,0.15
3615,0.64,0.19
3616,0.58,0.19
3617,0.53,0.17
3618,0.72,0.38
3619,0.54,0.49
3620,0.12,0.49
3621,0.06,0.41
3622,0.1,0.41
3623,0.06,0.41
3624,0.14,0.45
3625,0.55,0.46
3626,0.53,0.17
3627,0.56,0.18
3628,0.56,0.16
3629,0.53,0.16
3630,0.55,0.18
3631,0.55,0.18
3632,0.53,0.16
3633,0.53,0.16
3634,0.37,0.18
3635,0.36,0.16
3636,0.37,0.16
3637,0.39,0.18
3638,0.36,0.16
3639,0.38,0.16
3640,0.38,0.2
3641,0.36,0.18
3642,0.36,0.18
3643,0.37,0.18
3644,0.41,0.18
3645,0.54,0.16
3646,0.39,0.17
3647,0.36,0.16
3648,0.37,0.16
3649,0.35,0.16
3650,0.56,0.18
3651,0.58,0.19
3652,0.55,0.17
3653,0.73,0.16
3654,0.55,0.16
3655,0.83,0.18
3656,0.57,0.18
3657,0.59,0.2
3658,0.6,0.19
3659,0.63,0.15
3660,0.6,0.16
3661,0.5,0.15
3662,0.66,0.16
3663,0.37,0.16
3664,0.47,0.16
3665,0.38,0.19
3666,0.41,0.15
3667,0.38,0.17
3668,0.51,0.16
3669,0.38,0.15
3670,0.56,0.18
3671,0.38,0.16
3672,0.37,0.16
3673,0.37,0.17
3674,0.41,0.16
3675,0.39,0.19
3676,0.58,0.16
3677,0.43,0.16
3678,0.56,0.17
3679,0.4,0.17
3680,0.38,0.18
3681,0.39,0.15
3682,0.36,0.17
3683,0.39,0.15
3684,0.41,0.16
3685,0.38,0.18
3686,0.4,0.16
3687,0.42,0.19
3688,0.36,0.17
3689,0.37,0.17
3690,0.61,0.17
3691,0.38,0.21
3692,0.6,0.19
3693,0.52,0.16
3694,0.55,0.16
3695,0.36,0.15
3696,0.4,0.16
3697,0.37,0.17
3698,0.38,0.12
3699,0.39,0.25
3700,0.38,0.19
3701,0.56,0.18
3702,0.42,0.18
3703,0.55,0.16
3704,0.36,0.16
3705,0.37,0.18
3706,0.48,0.16
3707,0.55,0.15
3708,0.37,0.16
3709,0.39,0.16
3710,0.38,0.16
3711,0.37,0.14
3712,0.51,0.15
3713,0.39,0.17
3714,0.45,0.16
3715,0.38,0.16
3716,0.49,0.15
3717,0.79,0.16
3718,0.66,0.16
3719,0.66,0.17
3720,0.78,0.17
3721,0.58,0.41
3722,0.26,0.42
3723,0.69,0.41
3724,0.84,0.16
3725,0.58,0.41
3726,0.13,0.41
3727,0.74,0.41
3728,0.32,0.16
3729,0.38,0.16
3730,0.34,0.16
3731,0.58,0.41
3732,0.07,0.41
3733,0.19,0.41
3734,0.03,0.41
3735,0.08,0.42
3736,0.05,0.41
3737,0.67,0.43
3738,0.51,0.24
3739,0.69,0.17
3740,0.5,0.18
3741,0.53,0.16
3742,0.33,0.18
3743,0.38,0.16
3744,0.34,0.17
3745,0.35,0.18
3746,0.37,0.17
3747,0.36,0.17
3748,0.33,0.17
3749,0.38,0.16
3750,0.5,0.17
3751,0.37,0.17
3752,0.58,0.18
3753,0.37,0.16
3754,0.32,0.15
3755,0.36,0.43
3756,0.13,0.41
3757,0.08,0.41
3758,0.17,0.43
3759,0.09,0.41
3760,0.07,0.41
3761,0.1,0.42
3762,0.04,0.48
3763,0.07,0.41
3764,0.05,0.45
3765,0.07,0.42
3766,0.05,0.41
3767,0.06,0.42
3768,0.05,0.41
3769,0.13,0.41
3770,0.06,0.51
3771,0.22,0.42
3772,0.07,0.41
3773,0.25,0.45
3774,0.04,0.43
3775,0.08,0.41
3776,0.04,0.43
3777,0.38,0.43
3778,0.36,0.62
3779,0.43,0.42
3780,0.08,0.43
3781,0.09,0.41
3782,0.06,0.42
3783,0.16,0.42
3784,0.04,0.42
3785,0.24,0.45
3786,0.03,0.42
3787,0.2,0.42
3788,0.06,0.42
3789,0.22,0.41
3790,0.09,0.43
3791,0.05,0.42
3792,0.01,0.42
3793,0.09,0.42
3794,0.03,0.43
3795,0.08,0.48
3796,0.05,0.42
3797,0.62,0.44
3798,0.32,0.17
3799,0.42,0.16
3800,0.34,0.17
3801,0.36,0.45
3802,0.15,0.41
3803,0.06,0.42
3804,0.05,0.45
3805,0.08,0.41
3806,0.04,0.44
3807,0.07,0.42
3808,0.13,0.41
3809,0.06,0.42
3810,0.16,0.41
3811,0.09,0.45
3812,0.21,0.45
3813,0.09,0.41
3814,0.07,0.45
3815,0.07,0.42
3816,0.06,0.42
3817,0.56,0.4
3818,0.55,0.2
3819,0.57,0.18
3820,0.44,0.19
3821,0.37,0.42
3822,0.05,0.42
3823,0.08,0.42
3824,0.06,0.42
3825,0.09,0.45
3826,0.18,0.42
3827,0.1,0.41
3828,0.05,0.43
3829,0.1,0.41
3830,0.04,0.41
3831,0.18,0.42
3832,0.03,0.45
3833,0.09,0.41
3834,0.05,0.41
3835,0.09,0.41
3836,0.05,0.48
3837,0.08,0.41
3838,0.04,0.41
3839,0.09,0.41
3840,0.07,0.41
3841,0.08,0.44
3842,0.47,0.42
3843,0.09,0.42
3844,0.04,0.45
3845,0.1,0.41
3846,0.04,0.43
3847,0.38,0.42
3848,0.36,0.17
3849,0.38,0.16
3850,0.34,0.17
3851,0.35,0.47
3852,0.09,0.42
3853,0.09,0.41
3854,0.09,0.41
3855,0.14,0.41
3856,0.06,0.41
3857,0.09,0.42
3858,0.05,0.41
3859,0.15,0.49
3860,0.04,0.36
3861,0.1,0.42
3862,0.06,0.42
3863,0.07,0.41
3864,0.05,0.42
3865,0.17,0.43
3866,0.04,0.41
3867,0.1,0.47
3868,0.04,0.4
3869,0.09,0.44
3870,0.08,0.41
3871,0.11,0.42
3872,0.13,0.44
3873,0.06,0.41
3874,0.04,0.41
3875,0.06,0.41
3876,0.04,0.41
3877,0.04,0.43
3878,0.04,0.41
3879,0.5,0.43
3880,0.56,0.18
3881,0.51,0.17
3882,0.44,0.17
3883,0.65,0.16
3884,0.51,0.16
3885,0.58,0.16
3886,0.45,0.16
3887,0.53,0.17
3888,0.47,0.18
3889,0.53,0.2
3890,0.46,0.15
3891,0.48,0.17
3892,0.5,0.16
3893,0.6,0.21
3894,0.51,0.16
3895,0.52,0.16
3896,0.5,0.18
3897,0.53,0.16
3898,0.51,0.19
3899,0.53,0.19
3900,0.49,0.16
3901,0.51,0.18
3902,0.51,0.16
3903,0.52,0.21
3904,0.5,0.19
3905,0.49,0.19
3906,0.51,0.16
3907,0.5,0.16
3908,0.49,0.19
3909,0.69,0.17
3910,0.65,0.16
3911,0.65,0.17
3912,0.5,0.17
3913,0.7,0.2
3914,0.54,0.17
3915,0.52,0.16
3916,0.31,0.17
3917,0.32,0.18
3918,0.33,0.16
3919,0.36,0.17
3920,0.34,0.16
3921,0.34,0.18
3922,0.32,0.16
3923,0.36,0.17
3924,0.36,0.21
3925,0.32,0.16
3926,0.37,0.2
3927,0.47,0.17
3928,0.53,0.16
3929,0.35,0.17
3930,0.32,0.16
3931,0.33,0.17
3932,0.34,0.2
3933,0.33,0.18
3934,0.34,0.16
3935,0.38,0.19
3936,0.34,0.16
3937,0.53,0.19
3938,0.32,0.16
3939,0.5,0.16
3940,0.32,0.17
3941,0.5,0.16
3942,0.45,0.19
3943,0.34,0.16
3944,0.33,0.17
3945,0.34,0.16
3946,0.32,0.18
3947,0.35,0.18
3948,0.31,0.16
3949,0.33,0.16
3950,0.5,0.16
3951,0.33,0.17
3952,0.51,0.16
3953,0.32,0.19
3954,0.51,0.22
3955,0.35,0.17
3956,0.58,0.16
3957,0.44,0.17
3958,0.49,0.16
3959,0.32,0.16
3960,0.52,0.16
3961,0.31,0.2
3962,0.36,0.18
3963,0.36,0.17
3964,0.31,0.22
3965,0.34,0.16
3966,0.31,0.19
3967,0.31,0.19
3968,0.34,0.16
3969,0.34,0.17
3970,0.33,0.17
3971,0.34,0.22
3972,0.44,0.17
3973,0.54,0.26
3974,0.38,0.18
3975,0.54,0.23
3976,0.31,0.19
3977,0.38,0.18
3978,0.35,0.17
3979,0.31,0.18
3980,0.34,0.16
3981,0.35,0.16
3982,0.32,0.17
3983,0.32,0.18
3984,0.33,0.17
3985,0.31,0.16
3986,0.34,0.15
3987,0.31,0.16
3988,0.34,0.17
3989,0.47,0.16
3990,0.39,0.16
3991,0.34,0.16
3992,0.36,0.15
3993,0.35,0.16
3994,0.34,0.18
3995,0.34,0.18
3996,0.32,0.18
3997,0.33,0.19
3998,0.35,0.17
3999,0.34,0.16
4000,0.36,0.19
4001,0.36,0.16
4002,0.34,0.17
4003,0.34,0.16
4004,0.49,0.16
4005,0.31,0.16
4006,0.52,0.17
4007,0.35,0.2
4008,0.51,0.16
4009,0.32,0.17
4010,0.55,0.16
4011,0.32,0.19
4012,0.43,0.16
4013,0.34,0.17
4014,0.35,0.15
4015,0.31,0.17
4016,0.35,0.16
4017,0.33,0.16
4018,0.31,0.17
4019,0.44,0.19
4020,0.35,0.18
4021,0.54,0.17
4022,0.41,0.18
4023,0.34,0.16
4024,0.43,0.16
4025,0.33,0.17
4026,0.33,0.19
4027,0.51,0.16
4028,0.32,0.16
4029,0.51,0.18
4030,0.31,0.16
4031,0.33,0.16
4032,0.35,0.17
4033,0.34,0.16
4034,0.35,0.18
4035,0.42,0.19
4036,0.47,0.16
4037,0.47,0.16
4038,0.34,0.19
4039,0.33,0.18
4040,0.33,0.16
4041,0.32,0.19
4042,0.5,0.17
4043,0.35,0.26
4044,0.41,0.43
4045,0.08,0.42
4046,0.06,0.41
4047,0.06,0.42
4048,0.04,0.4
4049,0.19,0.42
4050,0.33,0.22
4051,0.36,0.19
4052,0.38,0.17
4053,0.45,0.19
4054,0.35,0.25
4055,0.35,0.16
4056,0.33,0.18
4057,0.32,0.19
4058,0.31,0.16
4059,0.31,0.17
4060,0.33,0.16
4061,0.35,0.17
4062,0.33,0.2
4063,0.36,0.18
4064,0.45,0.16
4065,0.54,0.16
4066,0.48,0.17
4067,0.33,0.2
4068,0.34,0.18
4069,0.32,0.17
4070,0.34,0.17
4071,0.31,0.21
4072,0.31,0.16
4073,0.32,0.29
4074,0.35,0.15
4075,0.37,0.16
4076,0.34,0.16
4077,0.34,0.17
4078,0.44,0.19
4079,0.55,0.18
4080,0.33,0.16
4081,0.57,0.29
4082,0.67,0.41
4083,0.22,0.43
4084,0.06,0.41
4085,0.07,0.41
4086,0.07,0.44
4087,0.06,0.41
4088,0.06,0.43
4089,0.07,0.4
4090,0.06,0.41
4091,0.05,0.41
4092,0.08,0.44
4093,0.07,0.33
4094,0.1,0.4
4095,0.16,0.44
4096,0.23,0.18
4097,0.08,0.43
4098,0.21,0.43
4099,0.06,0.19
4100,0.1,0.15
4101,0.05,0.41
4102,0.07,0.41
4103,0.1,0.48
4104,0.06,0.16
4105,0.07,0.16
4106,0.06,0.4
4107,0.07,0.4
4108,0.06,0.18
4109,0.1,0.32
4110,0.07,0.2
4111,0.06,0.16
4112,0.06,0.16
4113,0.05,0.16
4114,0.14,0.4
4115,0.41,0.44
4116,0.43,0.51
4117,0.49,0.16
4118,0.32,0.17
4119,0.35,0.42
4120,0.31,0.46
4121,0.09,0.4
4122,0.08,0.4
4123,0.06,0.41
4124,0.08,0.16
4125,0.15,0.49
4126,0.07,0.41
4127,0.17,0.22
4128,0.05,0.34
4129,0.15,0.41
4130,0.19,0.4
4131,0.06,0.42
4132,0.18,0.19
4133,0.08,0.39
4134,0.03,0.44
4135,0.07,0.41
4136,0.07,0.41
4137,0.08,0.16
4138,0.05,0.22
4139,0.08,0.2
4140,0.04,0.4
4141,0.15,0.44
4142,0.42,0.43
4143,0.33,0.2
4144,0.46,0.16
4145,0.52,0.19
4146,0.31,0.18
4147,0.49,0.29
4148,0.43,0.41
4149,0.21,0.43
4150,0.34,0.46
4151,0.31,0.26
4152,0.34,0.41
4153,0.06,0.42
4154,0.07,0.41
4155,0.07,0.41
4156,0.06,0.3
4157,0.05,0.45
4158,0.04,0.41
4159,0.05,0.41
4160,0.06,0.34
4161,0.16,0.42
4162,0.47,0.41
4163,0.33,0.33
4164,0.47,0.42
4165,0.06,0.41
4166,0.05,0.41
4167,0.04,0.41
4168,0.07,0.35
4169,0.06,0.41
4170,0.07,0.41
4171,0.05,0.43
4172,0.13,0.36
4173,0.1,0.41
4174,0.15,0.44
4175,0.18,0.42
4176,0.34,0.25
4177,0.5,0.15
4178,0.31,0.15
4179,0.34,0.16
4180,0.31,0.41
4181,0.06,0.41
4182,0.06,0.41
4183,0.06,0.41
4184,0.07,0.41
4185,0.08,0.41
4186,0.05,0.16
4187,0.08,0.41
4188,0.05,0.42
4189,0.09,0.41
4190,0.18,0.16
4191,0.03,0.42
4192,0.16,0.42
4193,0.03,0.46
4194,0.05,0.76
4195,0.06,0.16
4196,0.05,0.57
4197,0.06,0.38
4198,0.07,0.41
4199,0.06,0.41
4200,0.07,0.19
4201,0.04,0.3
4202,0.08,0.34
4203,0.19,0.41
4204,0.47,0.48
4205,0.48,0.16
4206,0.33,0.18
4207,0.36,0.17
4208,0.34,0.21
4209,0.31,0.21
4210,0.31,0.41
4211,0.05,0.41
4212,0.08,0.41
4213,0.09,0.25
4214,0.14,0.41
4215,0.09,0.4
4216,0.19,0.4
4217,0.08,0.32
4218,0.21,0.41
4219,0.14,0.4
4220,0.48,0.41
4221,0.48,0.16
4222,0.5,0.17
4223,0.3,0.16
4224,0.52,0.62
4225,0.06,0.41
4226,0.06,0.41
4227,0.06,0.9
4228,0.33,0.41
4229,0.34,0.23
4230,0.38,0.25
4231,0.41,0.16
4232,0.44,0.48
4233,0.09,0.41
4234,0.31,0.41
4235,0.49,0.39
4236,0.3,0.16
4237,0.48,0.16
4238,0.3,0.21
4239,0.32,0.18
4240,0.3,0.21
4241,0.36,0.23
4242,0.32,0.16
4243,0.34,0.24
4244,0.32,0.16
4245,0.35,0.16
4246,0.33,0.19
4247,0.3,0.21
4248,0.33,0.19
4249,0.4,0.17
4250,0.33,0.18
4251,0.43,0.17
4252,0.49,0.17
4253,0.3,0.16
4254,0.44,0.24
4255,0.31,0.16
4256,0.32,0.18
4257,0.33,0.16
4258,0.3,0.22
4259,0.31,0.21
4260,0.31,0.18
4261,0.3,0.17
4262,0.3,0.16
4263,0.32,0.17
4264,0.36,0.17
4265,0.51,0.16
4266,0.29,0.16
4267,0.52,0.17
4268,0.32,0.19
4269,0.32,0.18
4270,0.29,0.2
4271,0.3,0.19
4272,0.3,0.16
4273,0.45,0.18
4274,0.5,0.22
4275,0.39,0.16
4276,0.49,0.16
4277,0.39,0.16
4278,0.5,0.17
4279,0.31,0.16
4280,0.34,0.16
4281,0.37,0.15
4282,0.34,0.16
4283,0.31,0.16
4284,0.32,0.18
4285,0.31,0.16
4286,0.32,0.18
4287,0.3,0.2
4288,0.36,0.2
4289,0.49,0.16
4290,0.34,0.18
4291,0.51,0.16
4292,0.33,0.16
4293,0.31,0.18
4294,0.32,0.2
4295,0.35,0.16
4296,0.31,0.18
4297,0.32,0.16
4298,0.35,0.17
4299,0.44,0.16
4300,0.52,0.21
4301,0.31,0.16
4302,0.47,0.18
4303,0.31,0.17
4304,0.31,0.19
4305,0.42,0.16
4306,0.45,0.19
4307,0.3,0.17
4308,0.35,0.2
4309,0.32,0.19
4310,0.35,0.17
4311,0.38,0.16
4312,0.33,0.19
4313,0.48,0.16
4314,0.31,0.17
4315,0.48,0.16
4316,0.28,0.19
4317,0.3,0.19
4318,0.44,0.18
4319,0.44,0.18
4320,0.44,0.19
4321,0.48,0.17
4322,0.34,0.28
4323,0.11,0.45
4324,0.17,0.44
4325,0.47,0.67
4326,0.52,0.16
4327,0.32,0.18
4328,0.5,0.17
4329,0.3,0.17
4330,0.32,0.16
4331,0.3,0.17
4332,0.33,0.16
4333,0.32,0.18
4334,0.34,0.16
4335,0.48,0.17
4336,0.43,0.36
4337,0.31,0.21
4338,0.47,0.2
4339,0.42,0.21
4340,0.45,0.18
4341,0.47,0.16
4342,0.35,0.16
4343,0.34,0.18
4344,0.32,0.27
4345,0.07,0.74
4346,0.06,0.41
4347,0.07,0.44
4348,0.06,0.41
4349,0.06,0.41
4350,0.11,0.41
4351,0.46,0.18
4352,0.52,0.22
4353,0.44,0.19
4354,0.48,0.2
4355,0.32,0.18
4356,0.29,0.17
4357,0.33,0.18
4358,0.3,0.16
4359,0.3,0.19
4360,0.34,0.18
4361,0.32,0.17
4362,0.3,0.16
4363,0.48,0.17
4364,0.43,0.25
4365,0.49,0.16
4366,0.33,0.16
4367,0.31,0.16
4368,0.36,0.18
4369,0.4,0.16
4370,0.48,0.16
4371,0.46,0.17
4372,0.34,0.16
4373,0.34,0.18
4374,0.46,0.2
4375,0.32,0.15
4376,0.5,0.18
4377,0.31,0.16
4378,0.3,0.15
4379,0.32,0.16
4380,0.31,0.18
4381,0.29,0.18
4382,0.31,0.25
4383,0.36,0.2
4384,0.5,0.19
4385,0.42,0.22
4386,0.48,0.16
4387,0.49,0.17
4388,0.35,0.41
4389,0.17,0.44
4390,0.42,0.41
4391,0.39,0.16
4392,0.37,0.23
4393,0.51,0.2
4394,0.41,0.16
4395,0.43,0.18
4396,0.47,0.17
4397,0.53,0.16
4398,0.53,0.18
4399,0.41,0.16
4400,0.53,0.22
4401,0.41,0.18
4402,0.55,0.17
4403,0.56,0.16
4404,0.69,0.22
4405,0.4,0.18
4406,0.36,0.17
4407,0.5,0.16
4408,0.5,0.16
4409,0.53,0.16
4410,0.39,0.16
4411,0.61,0.18
4412,0.38,0.17
4413,0.64,0.16
4414,0.46,0.16
4415,0.62,0.31
4416,0.39,0.44
4417,0.25,0.41
4418,0.42,0.64
4419,0.51,0.21
4420,0.55,0.16
4421,0.36,0.16
4422,0.53,0.16
4423,0.43,0.16
4424,0.53,0.18
4425,0.4,0.16
4426,0.65,0.17
4427,0.36,0.18
4428,0.54,0.18
4429,0.37,0.19
4430,0.35,0.17
4431,0.37,0.22
4432,0.41,0.17
4433,0.57,0.18
4434,0.39,0.18
4435,0.56,0.16
4436,0.51,0.17
4437,0.43,0.17
4438,0.43,0.16
4439,0.49,0.15
4440,0.4,0.16
4441,0.51,0.16
4442,0.53,0.18
4443,0.51,0.18
4444,0.45,0.19
4445,0.36,0.16
4446,0.37,0.16
4447,0.37,0.16
4448,0.41,0.19
4449,0.36,0.18
4450,0.39,0.16
4451,0.45,0.16
4452,0.36,0.18
4453,0.56,0.68
4454,0.37,0.18
4455,0.56,0.23
4456,0.49,0.16
4457,0.35,0.17
4458,0.37,0.18
4459,0.49,0.15
4460,0.36,0.17
4461,0.41,0.15
4462,0.49,0.18
4463,0.47,0.38
4464,0.59,0.44
4465,0.33,0.44
4466,0.41,0.52
4467,0.38,0.17
4468,0.39,0.17
4469,0.4,0.16
4470,0.47,0.21
4471,0.37,0.2
4472,0.49,0.2
4473,0.39,0.19
4474,0.48,0.18
4475,0.52,0.18
4476,0.38,0.23
4477,0.39,0.16
4478,0.39,0.16
4479,0.42,0.15
4480,0.35,0.16
4481,0.53,0.35
4482,0.55,0.43
4483,0.36,0.44
4484,0.62,0.47
4485,0.42,0.17
4486,0.64,1
4487,0.37,0.17
4488,0.58,0.18
4489,0.88,0.35
4490,0.68,0.41
4491,0.14,0.45
4492,0.88,0.45
4493,0.95,0.25
4494,0.66,0.41
4495,0.35,0.4
4496,0.28,0.27
4497,0.3,0.48
4498,0.47,0.41
4499,0.42,0.18
4500,0.36,0.16
4501,0.52,0.19
4502,0.34,0.18
4503,0.49,0.18
4504,0.44,0.16
4505,0.58,0.16
4506,0.35,0.16
4507,0.36,0.23
4508,0.39,0.15
4509,0.5,0.17
4510,0.42,0.16
4511,0.41,0.17
4512,0.42,0.18
4513,0.45,0.15
4514,0.41,0.19
4515,0.89,0.15
4516,0.48,0.35
4517,0.09,0.41
4518,0.87,0.4
4519,0.82,0.43
4520,0.23,0.42
4521,0.27,0.41
4522,0.31,0.4
4523,0.34,0.44
4524,0.53,0.16
4525,0.28,0.64
4526,0.29,0.42
4527,0.28,0.41
4528,0.26,0.19
4529,0.13,0.41
4530,0.77,0.42
4531,0.88,0.2
4532,0.74,0.41
4533,0.29,0.61
4534,0.34,0.41
4535,0.37,0.41
4536,0.77,0.41
4537,0.72,0.15
4538,0.72,0.42
4539,0.54,0.41
4540,0.73,0.41
4541,0.79,0.35
4542,0.78,0.41
4543,0.52,0.44
4544,0.74,0.41
4545,0.8,0.21
4546,0.7,0.83
4547,0.39,0.45
4548,0.3,0.41
4549,0.37,0.62
4550,0.35,0.42
4551,0.4,0.41
4552,0.41,0.41
4553,0.56,0.49
4554,0.4,0.41
4555,0.3,0.4
4556,0.35,0.46
4557,0.38,0.34
4558,0.4,0.47
4559,0.47,0.41
4560,0.19,0.41
4561,0.2,0.16
4562,0.46,0.33
4563,0.12,0.41
4564,0.5,0.45
4565,0.12,0.41
4566,0.31,0.31
4567,0.12,0.51
4568,0.16,0.16
4569,0.22,0.46
4570,0.49,0.43
4571,0.59,0.17
4572,0.46,0.22
4573,0.67,0.18
4574,0.45,0.17
4575,0.45,0.16
4576,0.44,0.16
4577,0.42,0.25
4578,0.52,0.83
4579,0.48,0.96
4580,0.42,0.93
4581,0.45,0.61
4582,0.47,0.83
4583,0.59,0.82
4584,0.5,0.67
4585,0.46,0.7
4586,0.45,0.93
4587,0.09,0.84
4588,0.17,0.87
4589,0.1,0.81
4590,0.1,0.83
4591,0.09,0.82
4592,0.1,0.81
4593,0.1,0.81
4594,0.1,0.88
4595,0.08,0.49
4596,0.12,0.64
4597,0.1,0.93
4598,0.08,0.93
4599,0.09,0.45
4600,0.1,0.65
4601,0.21,0.85
4602,0.1,0.79
4603,0.21,0.84
4604,0.09,0.57
4605,0.11,0.45
4606,0.16,0.72
4607,0.23,0.67
4608,0.39,0.91
4609,0.47,0.65
4610,0.41,0.65
4611,0.38,0.83
4612,0.16,0.79
4613,0.16,0.68
4614,0.38,0.83
4615,0.38,0.43
4616,0.41,0.85
4617,0.16,0.87
4618,0.13,0.85
4619,0.15,0.78
4620,0.17,0.86
4621,0.18,0.82
4622,0.15,0.62
4623,0.16,0.91
4624,0.14,0.79
4625,0.15,0.72
4626,0.13,0.66
4627,0.13,0.81
4628,0.21,0.82
4629,0.14,0.82
4630,0.16,0.56
4631,0.15,0.63
4632,0.14,0.72
4633,0.13,0.88
4634,0.41,0.83
4635,0.41,0.52
4636,0.4,0.73
4637,0.41,0.45
4638,0.39,0.81
4639,0.15,0.89
4640,0.12,0.81
4641,0.14,0.65
4642,0.13,0.81
4643,0.18,0.92
4644,0.43,0.89
4645,0.42,0.76
4646,0.41,0.82
4647,0.48,0.87
4648,0.15,0.84
4649,0.17,0.78
4650,0.15,0.56
4651,0.15,0.82
4652,0.18,0.82
4653,0.14,0.65
4654,0.73,0.86
4655,0.05,0.81
4656,0.04,0.62
4657,0.06,0.76
4658,0.1,0.95
4659,0.03,0.89
4660,0.05,0.47
4661,0.19,0.87
4662,0.02,0.84
4663,0.02,0.83
4664,0.04,0.8
4665,0.01,0.45
4666,0.02,0.45
4667,0.01,0.46
4668,0.3,0.79
4669,0.29,0.47
4670,0.29,0.45
4671,0.27,0.54
4672,0.27,0.8
4673,0.04,0.86
4674,0.03,0.87
4675,0.04,0.89
4676,0.03,0.82
4677,0.04,0.85
4678,0.05,0.79
4679,0.1,0.85
4680,0.04,0.83
4681,0.04,0.79
4682,0.36,0.45
4683,0.31,0.48
4684,0.36,0.78
4685,0.29,0.81
4686,0.04,0.83
4687,0.12,0.78
4688,0.25,0.62
4689,0.27,0.7
4690,0.34,0.75
4691,0.24,0.53
4692,0.32,0.47
4693,0.25,0.56
4694,0.31,0.8
4695,0.25,0.94
4696,0.07,0.86
4697,0.02,0.83
4698,0.1,0.78
4699,0.04,0.84
4700,0.06,0.83
4701,0.02,0.85
4702,0.26,0.75
4703,0.29,0.5
4704,0.32,0.51
4705,0.27,0.59
4706,0.39,0.82
4707,0.32,0.83
4708,0.05,0.88
4709,0.06,0.8
4710,0.06,0.95
4711,0.02,0.85
4712,0.05,0.54
4713,0.02,0.85
4714,0.03,0.85
4715,0.03,0.86
4716,0.05,0.6
4717,0.01,0.83
4718,0.08,0.91
4719,0.02,0.72
4720,0.05,0.44
4721,0.02,0.82
4722,0.04,0.81
4723,0.01,0.89
4724,0.05,0.46
4725,0.05,0.54
4726,0.23,0.91
4727,0.27,0.54
4728,0.49,0.47
4729,0.27,0.79
4730,0.3,0.45
4731,0.29,0.54
4732,0.3,0.63
4733,0.27,0.85
4734,0.03,0.83
4735,0.03,0.84
4736,0.02,0.86
4737,0.03,0.87
4738,0.02,0.89
4739,0.03,0.88
4740,0.09,0.88
4741,0.38,0.97
4742,0.41,0.46
4743,0.36,0.84
4744,0.44,0.94
4745,0,0.81
4746,0.08,0.77
4747,0.02,0.85
4748,0.03,0.82
4749,0.05,0.45
4750,0.07,0.8
4751,0.01,0.89
4752,0.05,0.85
4753,0.02,0.59
4754,0.06,0.81
4755,0.02,0.84
4756,0.01,0.84
4757,0.01,0.84
4758,0.02,0.51
4759,0.02,0.87
4760,0.04,0.83
4761,0.02,0.85
4762,0.04,0.49
4763,0.03,0.48
4764,0.06,0.44
4765,0.17,0.8
4766,0.08,0.87
4767,0.05,0.83
4768,0.15,0.44
4769,0.06,0.56
4770,0.05,0.45
4771,0.07,0.68
4772,0.05,0.45
4773,0.04,0.87
4774,0.04,0.87
4775,0.04,0.84
4776,0.04,0.47
4777,0.03,0.51
4778,0.07,0.51
4779,0.03,0.48
4780,0.05,0.45
4781,0.02,0.47
4782,0.04,0.46
4783,0.03,0.44
4784,0.03,0.5
4785,0.02,0.47
4786,0.03,0.79
4787,0.05,0.7
4788,0.06,0.66
4789,0.03,0.68
4790,0.03,0.63
4791,0.03,0.66
4792,0.04,0.69
4793,0.04,0.68
4794,0.03,0.65
4795,0.06,0.71
4796,0.03,0.65
4797,0.03,0.67
4798,0.03,0.66
4799,0.02,0.65
4800,0.04,0.65
4801,0.03,0.69
4802,0.42,0.75
4803,0.06,0.68
4804,0.05,0.64
4805,0.03,0.73
4806,0.04,0.62
4807,0.05,0.64
4808,0.04,0.79
4809,0.02,0.65
4810,0.03,0.65
4811,0.02,0.7
4812,0.06,0.61
4813,0.02,0.7
4814,0.07,0.65
4815,0.04,0.67
4816,0.05,0.69
4817,0.03,0.66
4818,0.04,0.75
4819,0.03,0.7
4820,0.04,0.69
4821,0.02,0.67
4822,0.06,0.71
4823,0.04,0.7
4824,0.07,0.73
4825,0.02,0.7
4826,0.06,0.66
4827,0.05,0.93
4828,0.04,0.65
4829,0.03,0.62
4830,0.02,0.65
4831,0.01,0.63
4832,0.06,0.62
4833,0.03,0.63
4834,0.04,0.61
4835,0.02,0.76
4836,0.03,0.6
4837,0.03,0.62
4838,0.02,0.61
4839,0.04,0.62
4840,0.04,0.62
4841,0.04,0.63
4842,0.01,0.61
4843,0.02,0.63
4844,0.04,0.63
4845,0.03,0.62
4846,0.04,0.61
4847,0.07,0.64
4848,0.04,0.61
4849,0.06,0.65
4850,0.05,0.67
4851,0.03,0.79
4852,0.03,0.62
4853,0.03,0.63
4854,0.04,0.61
4855,0.03,0.62
4856,0.02,0.63
4857,0.05,0.61
4858,0.02,0.64
4859,0.02,0.7
4860,0.05,0.62
4861,0.02,0.62
4862,0.05,0.77
4863,0.03,0.64
4864,0.01,0.62
4865,0.03,0.71
4866,0.04,0.65
4867,0.04,0.64
4868,0.03,0.82
4869,0.03,0.7
4870,0.05,0.63
4871,0.03,0.7
4872,0.03,0.64
4873,0.01,0.6
4874,0.01,0.62
4875,0.03,0.61
4876,0.03,0.62
4877,0,0.62
4878,0.03,0.61
4879,0.02,0.66
4880,0.04,0.64
4881,0.03,0.67
4882,0.04,0.64
4883,0.03,0.64
4884,0.02,0.66
4885,0.01,0.67
4886,0.03,0.67
4887,0.04,0.62
4888,0.02,0.62
4889,0.01,0.63
4890,0.05,0.62
4891,0.02,0.65
4892,0.01,0.61
4893,0.02,0.62
4894,0.03,0.64
4895,0.01,0.66
4896,0.02,0.76
4897,0.02,0.65
4898,0.03,0.64
4899,0.03,0.64
4900,0.01,0.7
4901,0.02,0.62
4902,0.01,0.74
4903,0.03,0.61
4904,0.02,0.63
4905,0.03,0.62
4906,0.03,0.61
4907,0.02,0.62
4908,0.03,0.63
4909,0.04,0.64
4910,0.03,0.63
4911,0,0.61
4912,0.04,0.69
4913,0.04,0.65
4914,0.01,0.63
4915,0.01,0.62
4916,0.01,0.67
4917,0.01,0.63
4918,0.04,0.62
4919,0.02,0.63
4920,0.03,0.63
4921,0.04,0.62
4922,0.02,0.68
4923,0.01,0.62
4924,0.04,0.77
4925,0.03,0.63
4926,0.03,0.68
4927,0.04,0.64
4928,0.03,0.68
4929,0.04,0.63
4930,0.02,0.62
4931,0.03,0.61
4932,0.02,0.63
4933,0.04,0.61
4934,0.04,0.62
4935,0.01,0.61
4936,0.02,0.65
4937,0.04,0.62
4938,0.04,0.65
4939,0.02,0.62
4940,0.05,0.62
4941,0.04,0.62
4942,0.02,0.62
4943,0.04,0.73
4944,0.02,0.62
4945,0.04,0.61
4946,0.03,0.62
4947,0.03,0.63
4948,0.01,0.62
4949,0.03,0.63
4950,0,0.62
4951,0.02,0.71
4952,0,0.62
4953,0.01,0.62
4954,0.02,0.61
4955,0.05,0.62
4956,0.02,0.61
4957,0.06,0.73
4958,0.04,0.61
4959,0.03,0.62
4960,0.01,0.62
4961,0.05,0.64
4962,0.03,0.62
4963,0.03,0.67
4964,0.02,0.62
4965,0.04,0.65
4966,0.02,0.7
4967,0.02,0.63
4968,0.03,0.66
4969,0.02,0.66
4970,0.04,0.62
4971,0.03,0.64
4972,0.01,0.62
4973,0.01,0.74
4974,0.05,0.65
4975,0,0.64
4976,0.02,0.58
4977,0.02,0.59
4978,0.03,0.59
4979,0.01,0.58
4980,0.02,0.59
4981,0.03,0.59
4982,0.03,0.66
4983,0.05,0.6
4984,0.04,0.6
4985,0.03,0.6
4986,0.03,0.7
4987,0.03,0.58
4988,0.03,0.6
4989,0.04,0.59
4990,0.04,0.57
4991,0.03,0.58
4992,0.01,0.58
4993,0.02,0.57
4994,0.04,0.58
4995,0,0.58
4996,0.02,0.58
4997,0.04,0.57
4998,0.03,0.57
4999,0.02,0.58
5000,0.06,0.58
